序号,学号,生源地,作息习惯,是否喜欢运动,在大学前是否有过住校经历,是否容易受他人影响,是否在意个人卫生,比较喜欢待在寝室还是外面,是否喜欢打游戏,是否能接受室友打游戏的声音,学习科研,社交喜好,是否有寝室午睡习惯,聚类类别_贪心,寝室分配,密码
0,190001,南方,习惯早睡,喜欢,有,一般,十分在意,外面,一般,否,一般,讨厌社交,无,134,610,123456
1,190002,南方,习惯早睡,非常喜欢,有,容易,十分在意,外面,不喜欢,否,热爱,喜好社交,有,134,610,123456
2,190003,北方,习惯晚睡,一般,有,不容易,比较在意,外面,喜欢,否,几乎不,一般,无,25,201,123456
3,190004,北方,习惯晚睡,不喜欢,有,容易,一般,外面,喜欢,否,热爱,讨厌社交,有,61,312,123456
4,190005,南方,习惯晚睡,一般,有,不容易,比较在意,寝室,喜欢,否,一般,讨厌社交,有,78,404,123456
5,190006,北方,习惯晚睡,一般,有,容易,十分在意,寝室,一般,是,几乎不,喜好社交,有,78,404,123456
6,190007,南方,习惯早睡,一般,没有,不容易,十分在意,外面,喜欢,否,一般,一般,有,43,219,123456
7,190008,北方,习惯晚睡,一般,有,一般,十分在意,寝室,喜欢,是,热爱,讨厌社交,无,78,404,123456
8,190009,北方,习惯晚睡,一般,没有,不容易,一般,外面,不喜欢,否,几乎不,喜好社交,无,174,725,123456
9,190010,北方,习惯晚睡,不喜欢,没有,容易,不在意,外面,一般,否,几乎不,讨厌社交,无,174,725,123456
10,190011,北方,习惯早睡,非常喜欢,没有,不容易,比较在意,外面,一般,是,几乎不,喜好社交,无,43,219,123456
11,190012,北方,习惯晚睡,一般,有,不容易,十分在意,寝室,一般,否,几乎不,讨厌社交,无,78,404,123456
12,190013,南方,习惯晚睡,不喜欢,有,不容易,十分在意,外面,不喜欢,是,热爱,一般,有,134,610,123456
13,190014,北方,习惯早睡,不喜欢,有,不容易,比较在意,外面,一般,否,热爱,讨厌社交,无,61,312,123456
14,190015,北方,习惯晚睡,不喜欢,没有,一般,不在意,寝室,喜欢,是,几乎不,讨厌社交,无,0,101,123456
15,190016,北方,习惯晚睡,非常喜欢,没有,容易,一般,寝室,不喜欢,是,热爱,喜好社交,有,113,514,123456
16,190017,北方,习惯晚睡,不喜欢,没有,不容易,不在意,寝室,不喜欢,否,一般,一般,无,0,101,123456
17,190018,北方,习惯早睡,一般,有,容易,一般,外面,不喜欢,是,热爱,喜好社交,有,61,312,123456
18,190019,南方,习惯晚睡,不喜欢,有,一般,不在意,外面,一般,否,几乎不,喜好社交,无,25,201,123456
19,190020,北方,习惯晚睡,喜欢,有,不容易,比较在意,寝室,不喜欢,否,热爱,讨厌社交,无,78,404,123456
20,190021,南方,习惯晚睡,非常喜欢,有,一般,十分在意,寝室,喜欢,是,热爱,讨厌社交,有,79,405,123456
21,190022,北方,习惯早睡,喜欢,没有,容易,一般,寝室,喜欢,是,热爱,喜好社交,无,113,514,123456
22,190023,南方,习惯晚睡,一般,有,不容易,一般,寝室,喜欢,否,几乎不,讨厌社交,有,79,405,123456
23,190024,北方,习惯晚睡,一般,有,容易,一般,寝室,一般,否,热爱,讨厌社交,无,79,405,123456
24,190025,北方,习惯晚睡,一般,没有,不容易,十分在意,寝室,不喜欢,是,热爱,喜好社交,无,113,514,123456
25,190026,南方,习惯晚睡,不喜欢,有,容易,不在意,寝室,不喜欢,是,几乎不,喜好社交,有,148,624,123456
26,190027,南方,习惯晚睡,一般,有,容易,比较在意,外面,喜欢,否,几乎不,喜好社交,有,25,201,123456
27,190028,南方,习惯晚睡,非常喜欢,有,一般,比较在意,寝室,不喜欢,是,热爱,一般,无,79,405,123456
28,190029,北方,习惯晚睡,非常喜欢,没有,容易,比较在意,寝室,一般,否,一般,一般,无,113,514,123456
29,190030,北方,习惯早睡,非常喜欢,没有,不容易,比较在意,寝室,一般,否,一般,喜好社交,无,113,514,123456
30,190031,北方,习惯晚睡,一般,没有,容易,一般,外面,喜欢,否,几乎不,一般,无,174,725,123456
31,190032,北方,习惯晚睡,不喜欢,有,容易,比较在意,寝室,一般,是,一般,一般,有,79,405,123456
32,190033,北方,习惯晚睡,非常喜欢,有,容易,不在意,寝室,不喜欢,是,热爱,一般,无,148,624,123456
33,190034,北方,习惯晚睡,不喜欢,没有,不容易,不在意,寝室,不喜欢,否,热爱,喜好社交,无,0,101,123456
34,190035,北方,习惯晚睡,非常喜欢,没有,一般,比较在意,寝室,喜欢,否,热爱,讨厌社交,有,0,101,123456
35,190036,北方,习惯晚睡,不喜欢,没有,不容易,不在意,寝室,一般,否,几乎不,喜好社交,有,0,101,123456
36,190037,北方,习惯晚睡,喜欢,没有,不容易,不在意,外面,喜欢,否,一般,一般,无,174,725,123456
37,190038,南方,习惯早睡,喜欢,有,容易,不在意,外面,一般,否,几乎不,讨厌社交,无,134,610,123456
38,190039,北方,习惯晚睡,喜欢,有,不容易,十分在意,外面,喜欢,否,热爱,喜好社交,有,25,201,123456
39,190040,南方,习惯晚睡,非常喜欢,没有,一般,一般,外面,一般,否,一般,讨厌社交,有,174,725,123456
40,190041,南方,习惯晚睡,一般,有,不容易,十分在意,外面,喜欢,否,一般,讨厌社交,无,134,610,123456
41,190042,北方,习惯晚睡,非常喜欢,没有,不容易,十分在意,外面,不喜欢,否,几乎不,一般,有,175,801,123456
42,190043,北方,习惯晚睡,不喜欢,没有,容易,十分在意,外面,不喜欢,否,热爱,喜好社交,有,175,801,123456
43,190044,北方,习惯早睡,喜欢,没有,容易,不在意,寝室,不喜欢,是,几乎不,一般,无,13,114,123456
44,190045,北方,习惯晚睡,喜欢,有,一般,不在意,寝室,不喜欢,是,热爱,喜好社交,无,148,624,123456
45,190046,北方,习惯早睡,不喜欢,有,容易,一般,外面,不喜欢,否,几乎不,讨厌社交,无,61,312,123456
46,190047,北方,习惯晚睡,非常喜欢,没有,不容易,不在意,寝室,喜欢,是,一般,一般,无,1,102,123456
47,190048,北方,习惯晚睡,非常喜欢,有,容易,比较在意,寝室,一般,是,一般,讨厌社交,无,80,406,123456
48,190049,北方,习惯晚睡,非常喜欢,有,一般,比较在意,寝室,喜欢,是,一般,讨厌社交,无,80,406,123456
49,190050,北方,习惯晚睡,不喜欢,有,一般,一般,外面,不喜欢,是,热爱,一般,有,61,312,123456
50,190051,南方,习惯晚睡,喜欢,有,一般,比较在意,外面,不喜欢,否,热爱,讨厌社交,有,135,611,123456
51,190052,北方,习惯早睡,不喜欢,没有,不容易,比较在意,外面,喜欢,是,一般,喜好社交,有,43,219,123456
52,190053,南方,习惯晚睡,喜欢,有,一般,十分在意,寝室,喜欢,否,几乎不,讨厌社交,无,80,406,123456
53,190054,北方,习惯晚睡,一般,有,容易,十分在意,寝室,喜欢,是,热爱,讨厌社交,无,80,406,123456
54,190055,北方,习惯晚睡,一般,没有,一般,不在意,寝室,喜欢,是,一般,讨厌社交,有,1,102,123456
55,190056,北方,习惯早睡,喜欢,没有,容易,比较在意,寝室,喜欢,是,热爱,讨厌社交,无,13,114,123456
56,190057,南方,习惯早睡,非常喜欢,有,不容易,比较在意,寝室,不喜欢,否,热爱,喜好社交,无,80,406,123456
57,190058,北方,习惯晚睡,喜欢,有,一般,比较在意,寝室,喜欢,否,热爱,一般,无,81,407,123456
58,190059,北方,习惯晚睡,一般,没有,不容易,比较在意,寝室,一般,是,几乎不,喜好社交,无,114,515,123456
59,190060,北方,习惯早睡,一般,没有,不容易,一般,寝室,不喜欢,是,几乎不,喜好社交,有,114,515,123456
60,190061,北方,习惯晚睡,不喜欢,有,一般,十分在意,寝室,不喜欢,否,热爱,喜好社交,无,81,407,123456
61,190062,北方,习惯晚睡,一般,有,不容易,不在意,外面,一般,否,一般,一般,无,62,313,123456
62,190063,北方,习惯晚睡,不喜欢,有,容易,比较在意,外面,喜欢,是,一般,讨厌社交,有,62,313,123456
63,190064,北方,习惯晚睡,一般,有,不容易,比较在意,外面,一般,否,一般,讨厌社交,有,62,313,123456
64,190065,北方,习惯晚睡,非常喜欢,有,容易,一般,寝室,一般,是,热爱,一般,无,148,624,123456
65,190066,北方,习惯早睡,非常喜欢,有,不容易,十分在意,外面,喜欢,否,一般,一般,有,25,201,123456
66,190067,北方,习惯晚睡,一般,有,一般,比较在意,寝室,一般,是,一般,讨厌社交,有,81,407,123456
67,190068,北方,习惯晚睡,喜欢,有,不容易,一般,外面,不喜欢,否,几乎不,喜好社交,无,26,202,123456
68,190069,北方,习惯早睡,一般,有,不容易,一般,寝室,喜欢,否,一般,讨厌社交,无,81,407,123456
69,190070,北方,习惯早睡,喜欢,有,不容易,不在意,寝室,喜欢,是,几乎不,讨厌社交,有,148,624,123456
70,190071,北方,习惯晚睡,不喜欢,有,不容易,不在意,外面,喜欢,是,几乎不,一般,无,26,202,123456
71,190072,北方,习惯晚睡,喜欢,有,容易,不在意,寝室,喜欢,是,热爱,一般,有,149,625,123456
72,190073,北方,习惯早睡,喜欢,有,不容易,一般,外面,一般,否,热爱,一般,无,62,313,123456
73,190074,北方,习惯晚睡,非常喜欢,有,一般,十分在意,外面,一般,否,一般,喜好社交,有,26,202,123456
74,190075,北方,习惯晚睡,一般,有,容易,一般,外面,喜欢,是,一般,一般,无,62,313,123456
75,190076,北方,习惯晚睡,非常喜欢,有,容易,一般,寝室,喜欢,是,热爱,喜好社交,有,149,625,123456
76,190077,北方,习惯早睡,喜欢,有,不容易,不在意,寝室,喜欢,是,几乎不,喜好社交,有,149,625,123456
77,190078,北方,习惯早睡,不喜欢,有,一般,比较在意,寝室,一般,是,热爱,一般,有,81,407,123456
78,190079,北方,习惯早睡,喜欢,有,容易,一般,寝室,喜欢,是,热爱,喜好社交,无,149,625,123456
79,190080,北方,习惯晚睡,非常喜欢,有,一般,十分在意,外面,不喜欢,否,一般,喜好社交,有,26,202,123456
80,190081,北方,习惯晚睡,非常喜欢,有,容易,比较在意,寝室,不喜欢,是,一般,一般,无,82,408,123456
81,190082,北方,习惯晚睡,非常喜欢,有,容易,一般,寝室,不喜欢,是,热爱,一般,有,149,625,123456
82,190083,北方,习惯晚睡,一般,有,容易,不在意,寝室,不喜欢,否,几乎不,讨厌社交,无,150,701,123456
83,190084,北方,习惯早睡,非常喜欢,有,不容易,十分在意,寝室,喜欢,是,几乎不,一般,有,82,408,123456
84,190085,北方,习惯早睡,喜欢,有,容易,比较在意,外面,不喜欢,是,热爱,一般,无,63,314,123456
85,190086,北方,习惯晚睡,不喜欢,有,一般,不在意,寝室,不喜欢,是,一般,喜好社交,有,150,701,123456
86,190087,北方,习惯早睡,非常喜欢,有,一般,十分在意,寝室,喜欢,否,一般,喜好社交,无,82,408,123456
87,190088,北方,习惯早睡,不喜欢,没有,一般,十分在意,寝室,一般,是,热爱,讨厌社交,有,114,515,123456
88,190089,北方,习惯晚睡,喜欢,有,一般,比较在意,寝室,喜欢,否,热爱,一般,无,82,408,123456
89,190090,北方,习惯晚睡,一般,有,不容易,不在意,寝室,不喜欢,是,一般,喜好社交,有,150,701,123456
90,190091,北方,习惯早睡,非常喜欢,没有,容易,一般,外面,不喜欢,否,几乎不,讨厌社交,无,43,219,123456
91,190092,北方,习惯早睡,一般,有,不容易,一般,外面,一般,否,一般,喜好社交,有,26,202,123456
92,190093,北方,习惯早睡,不喜欢,有,不容易,不在意,寝室,一般,是,热爱,讨厌社交,有,150,701,123456
93,190094,北方,习惯晚睡,一般,有,一般,十分在意,寝室,不喜欢,是,一般,一般,有,82,408,123456
94,190095,北方,习惯晚睡,喜欢,没有,容易,十分在意,寝室,一般,是,几乎不,讨厌社交,有,114,515,123456
95,190096,北方,习惯早睡,非常喜欢,有,一般,十分在意,寝室,喜欢,否,几乎不,喜好社交,无,83,409,123456
96,190097,北方,习惯晚睡,一般,有,容易,不在意,外面,不喜欢,是,几乎不,讨厌社交,有,63,314,123456
97,190098,北方,习惯晚睡,喜欢,有,不容易,不在意,寝室,不喜欢,是,一般,喜好社交,有,150,701,123456
98,190099,北方,习惯晚睡,一般,有,容易,十分在意,寝室,不喜欢,是,几乎不,喜好社交,有,83,409,123456
99,190100,北方,习惯晚睡,喜欢,有,容易,不在意,寝室,不喜欢,是,一般,喜好社交,有,151,702,123456
100,190101,北方,习惯晚睡,喜欢,有,一般,不在意,外面,喜欢,否,一般,一般,无,63,314,123456
101,190102,南方,习惯早睡,不喜欢,有,不容易,一般,寝室,喜欢,是,热爱,一般,无,83,409,123456
102,190103,北方,习惯早睡,一般,有,一般,不在意,寝室,不喜欢,否,一般,讨厌社交,有,151,702,123456
103,190104,北方,习惯晚睡,不喜欢,有,容易,比较在意,外面,不喜欢,否,一般,讨厌社交,无,63,314,123456
104,190105,南方,习惯晚睡,不喜欢,有,一般,比较在意,寝室,一般,是,热爱,一般,有,83,409,123456
105,190106,北方,习惯晚睡,非常喜欢,有,一般,比较在意,寝室,不喜欢,是,一般,喜好社交,有,151,702,123456
106,190107,北方,习惯早睡,不喜欢,有,不容易,十分在意,寝室,不喜欢,否,热爱,喜好社交,有,83,409,123456
107,190108,北方,习惯早睡,一般,有,不容易,比较在意,外面,不喜欢,否,热爱,喜好社交,有,27,203,123456
108,190109,北方,习惯晚睡,一般,有,容易,比较在意,寝室,喜欢,是,几乎不,讨厌社交,无,84,410,123456
109,190110,南方,习惯早睡,一般,有,不容易,十分在意,寝室,不喜欢,是,热爱,讨厌社交,有,84,410,123456
110,190111,北方,习惯晚睡,不喜欢,有,一般,一般,寝室,喜欢,是,一般,讨厌社交,无,84,410,123456
111,190112,北方,习惯晚睡,非常喜欢,没有,一般,十分在意,外面,不喜欢,否,热爱,喜好社交,无,175,801,123456
112,190113,南方,习惯早睡,非常喜欢,有,不容易,不在意,寝室,不喜欢,否,几乎不,喜好社交,有,151,702,123456
113,190114,南方,习惯早睡,喜欢,有,一般,不在意,寝室,一般,是,一般,一般,有,151,702,123456
114,190115,北方,习惯晚睡,一般,有,容易,不在意,寝室,不喜欢,否,一般,喜好社交,有,152,703,123456
115,190116,北方,习惯晚睡,不喜欢,有,一般,比较在意,寝室,不喜欢,是,热爱,讨厌社交,有,84,410,123456
116,190117,南方,习惯早睡,非常喜欢,有,不容易,不在意,寝室,一般,否,一般,讨厌社交,有,152,703,123456
117,190118,南方,习惯早睡,喜欢,有,不容易,比较在意,外面,喜欢,否,几乎不,一般,有,27,203,123456
118,190119,北方,习惯晚睡,喜欢,有,一般,十分在意,寝室,喜欢,否,热爱,喜好社交,无,84,410,123456
119,190120,北方,习惯早睡,非常喜欢,有,不容易,比较在意,寝室,喜欢,是,几乎不,一般,有,85,411,123456
120,190121,北方,习惯晚睡,喜欢,有,一般,十分在意,外面,不喜欢,是,一般,喜好社交,无,27,203,123456
121,190122,南方,习惯晚睡,非常喜欢,有,容易,比较在意,外面,不喜欢,否,热爱,讨厌社交,无,135,611,123456
122,190123,北方,习惯晚睡,喜欢,没有,一般,一般,寝室,喜欢,否,几乎不,喜好社交,有,1,102,123456
123,190124,北方,习惯晚睡,喜欢,有,容易,不在意,寝室,不喜欢,是,热爱,一般,有,152,703,123456
124,190125,北方,习惯晚睡,喜欢,有,容易,一般,外面,一般,否,热爱,讨厌社交,无,63,314,123456
125,190126,北方,习惯早睡,喜欢,有,不容易,比较在意,寝室,喜欢,否,热爱,讨厌社交,无,85,411,123456
126,190127,北方,习惯早睡,非常喜欢,有,一般,一般,寝室,一般,是,一般,喜好社交,无,152,703,123456
127,190128,北方,习惯早睡,不喜欢,有,一般,不在意,外面,喜欢,是,几乎不,一般,有,27,203,123456
128,190129,南方,习惯晚睡,不喜欢,有,一般,不在意,外面,不喜欢,否,几乎不,讨厌社交,无,64,315,123456
129,190130,北方,习惯晚睡,不喜欢,有,不容易,十分在意,寝室,不喜欢,是,几乎不,一般,有,85,411,123456
130,190131,北方,习惯晚睡,喜欢,有,一般,比较在意,寝室,不喜欢,是,一般,喜好社交,有,152,703,123456
131,190132,南方,习惯早睡,喜欢,有,一般,一般,寝室,喜欢,是,热爱,喜好社交,无,153,704,123456
132,190133,南方,习惯早睡,喜欢,没有,容易,一般,寝室,喜欢,否,几乎不,喜好社交,有,114,515,123456
133,190134,北方,习惯晚睡,不喜欢,有,容易,十分在意,寝室,一般,否,热爱,讨厌社交,有,85,411,123456
134,190135,北方,习惯晚睡,一般,有,一般,不在意,寝室,不喜欢,否,热爱,讨厌社交,有,153,704,123456
135,190136,北方,习惯晚睡,不喜欢,有,容易,不在意,寝室,一般,是,几乎不,讨厌社交,无,153,704,123456
136,190137,南方,习惯晚睡,不喜欢,没有,一般,十分在意,寝室,喜欢,是,热爱,喜好社交,无,115,516,123456
137,190138,北方,习惯晚睡,一般,有,不容易,不在意,寝室,一般,是,热爱,讨厌社交,有,153,704,123456
138,190139,北方,习惯早睡,不喜欢,没有,不容易,比较在意,外面,一般,否,一般,喜好社交,无,43,219,123456
139,190140,南方,习惯晚睡,喜欢,有,容易,不在意,寝室,不喜欢,否,热爱,喜好社交,有,153,704,123456
140,190141,南方,习惯晚睡,喜欢,没有,容易,比较在意,寝室,不喜欢,否,热爱,喜好社交,有,115,516,123456
141,190142,北方,习惯晚睡,喜欢,有,一般,不在意,外面,喜欢,否,热爱,讨厌社交,有,64,315,123456
142,190143,南方,习惯早睡,不喜欢,有,容易,比较在意,外面,一般,否,热爱,一般,无,135,611,123456
143,190144,北方,习惯早睡,一般,有,一般,十分在意,外面,一般,否,一般,一般,无,27,203,123456
144,190145,南方,习惯晚睡,不喜欢,有,不容易,比较在意,寝室,喜欢,否,几乎不,喜好社交,有,85,411,123456
145,190146,北方,习惯晚睡,不喜欢,有,容易,一般,寝室,喜欢,是,一般,喜好社交,无,154,705,123456
146,190147,北方,习惯早睡,非常喜欢,有,一般,不在意,寝室,一般,是,几乎不,一般,无,154,705,123456
147,190148,北方,习惯早睡,不喜欢,有,不容易,一般,外面,一般,否,几乎不,喜好社交,有,28,204,123456
148,190149,南方,习惯晚睡,不喜欢,有,容易,不在意,外面,喜欢,否,一般,一般,有,28,204,123456
149,190150,北方,习惯晚睡,非常喜欢,有,容易,比较在意,寝室,喜欢,是,一般,讨厌社交,有,86,412,123456
150,190151,南方,习惯早睡,喜欢,有,不容易,不在意,外面,一般,否,几乎不,喜好社交,无,28,204,123456
151,190152,北方,习惯早睡,喜欢,有,一般,不在意,外面,一般,否,一般,喜好社交,有,28,204,123456
152,190153,北方,习惯早睡,不喜欢,有,一般,十分在意,寝室,不喜欢,否,几乎不,一般,无,86,412,123456
153,190154,南方,习惯晚睡,非常喜欢,有,一般,不在意,寝室,喜欢,是,几乎不,喜好社交,无,154,705,123456
154,190155,北方,习惯晚睡,喜欢,有,一般,一般,寝室,一般,否,热爱,喜好社交,有,154,705,123456
155,190156,南方,习惯早睡,不喜欢,有,不容易,不在意,寝室,一般,否,热爱,讨厌社交,有,154,705,123456
156,190157,北方,习惯晚睡,喜欢,有,一般,一般,寝室,不喜欢,是,热爱,一般,无,155,706,123456
157,190158,南方,习惯早睡,不喜欢,有,不容易,十分在意,寝室,喜欢,否,一般,喜好社交,有,86,412,123456
158,190159,北方,习惯早睡,一般,没有,容易,十分在意,寝室,喜欢,是,一般,讨厌社交,有,115,516,123456
159,190160,北方,习惯早睡,非常喜欢,有,容易,不在意,外面,一般,否,几乎不,一般,有,64,315,123456
160,190161,北方,习惯晚睡,非常喜欢,有,不容易,十分在意,寝室,一般,是,一般,喜好社交,无,86,412,123456
161,190162,北方,习惯晚睡,喜欢,有,容易,比较在意,外面,不喜欢,否,一般,一般,有,64,315,123456
162,190163,北方,习惯晚睡,喜欢,有,一般,不在意,外面,一般,否,一般,一般,无,64,315,123456
163,190164,北方,习惯晚睡,不喜欢,有,容易,不在意,寝室,不喜欢,否,热爱,一般,有,155,706,123456
164,190165,南方,习惯晚睡,非常喜欢,有,不容易,不在意,寝室,不喜欢,是,一般,喜好社交,无,155,706,123456
165,190166,南方,习惯晚睡,喜欢,有,容易,不在意,外面,喜欢,是,几乎不,一般,有,135,611,123456
166,190167,南方,习惯早睡,不喜欢,有,一般,十分在意,外面,喜欢,否,几乎不,喜好社交,有,28,204,123456
167,190168,南方,习惯晚睡,非常喜欢,没有,一般,不在意,外面,一般,是,几乎不,喜好社交,无,175,801,123456
168,190169,南方,习惯早睡,非常喜欢,没有,不容易,不在意,寝室,喜欢,是,几乎不,喜好社交,无,13,114,123456
169,190170,北方,习惯晚睡,非常喜欢,有,不容易,一般,寝室,喜欢,是,热爱,喜好社交,有,155,706,123456
170,190171,南方,习惯晚睡,喜欢,有,不容易,比较在意,寝室,喜欢,是,一般,喜好社交,无,86,412,123456
171,190172,北方,习惯早睡,喜欢,有,一般,比较在意,寝室,一般,是,一般,喜好社交,无,87,413,123456
172,190173,南方,习惯早睡,不喜欢,有,容易,一般,寝室,不喜欢,否,热爱,一般,无,155,706,123456
173,190174,南方,习惯晚睡,非常喜欢,没有,一般,不在意,寝室,不喜欢,是,热爱,一般,有,1,102,123456
174,190175,北方,习惯晚睡,非常喜欢,没有,一般,比较在意,寝室,喜欢,是,一般,一般,有,115,516,123456
175,190176,北方,习惯晚睡,喜欢,有,一般,十分在意,寝室,喜欢,是,一般,喜好社交,有,87,413,123456
176,190177,北方,习惯晚睡,喜欢,有,不容易,十分在意,寝室,不喜欢,是,几乎不,喜好社交,有,87,413,123456
177,190178,南方,习惯晚睡,一般,有,一般,不在意,寝室,喜欢,是,一般,喜好社交,无,156,707,123456
178,190179,北方,习惯晚睡,非常喜欢,没有,不容易,比较在意,外面,不喜欢,是,一般,一般,有,175,801,123456
179,190180,北方,习惯早睡,不喜欢,有,容易,不在意,外面,喜欢,是,热爱,一般,有,65,316,123456
180,190181,北方,习惯早睡,一般,有,一般,一般,寝室,不喜欢,否,热爱,一般,有,156,707,123456
181,190182,北方,习惯晚睡,一般,有,容易,不在意,外面,喜欢,否,几乎不,喜好社交,无,29,205,123456
182,190183,南方,习惯早睡,非常喜欢,有,容易,一般,寝室,喜欢,是,几乎不,喜好社交,无,156,707,123456
183,190184,北方,习惯晚睡,一般,没有,一般,一般,寝室,喜欢,否,几乎不,一般,有,1,102,123456
184,190185,南方,习惯早睡,一般,有,不容易,比较在意,寝室,一般,是,几乎不,讨厌社交,有,87,413,123456
185,190186,南方,习惯早睡,一般,有,不容易,不在意,外面,不喜欢,否,几乎不,一般,有,29,205,123456
186,190187,北方,习惯早睡,不喜欢,没有,一般,不在意,外面,喜欢,是,一般,讨厌社交,无,44,220,123456
187,190188,北方,习惯晚睡,喜欢,有,容易,不在意,寝室,一般,是,一般,讨厌社交,有,156,707,123456
188,190189,北方,习惯晚睡,不喜欢,有,一般,不在意,寝室,不喜欢,否,热爱,一般,有,156,707,123456
189,190190,南方,习惯早睡,不喜欢,有,容易,比较在意,寝室,一般,否,几乎不,一般,有,87,413,123456
190,190191,南方,习惯晚睡,非常喜欢,没有,一般,十分在意,外面,一般,是,热爱,一般,有,176,802,123456
191,190192,北方,习惯晚睡,一般,没有,不容易,比较在意,寝室,不喜欢,否,热爱,一般,有,2,103,123456
192,190193,南方,习惯晚睡,喜欢,没有,一般,不在意,寝室,一般,否,一般,一般,无,2,103,123456
193,190194,北方,习惯晚睡,非常喜欢,没有,一般,比较在意,寝室,喜欢,否,几乎不,喜好社交,无,115,516,123456
194,190195,北方,习惯晚睡,不喜欢,有,不容易,一般,寝室,不喜欢,是,热爱,一般,有,157,708,123456
195,190196,北方,习惯晚睡,不喜欢,有,不容易,比较在意,寝室,喜欢,是,几乎不,讨厌社交,无,88,414,123456
196,190197,南方,习惯早睡,喜欢,有,容易,十分在意,寝室,不喜欢,是,热爱,喜好社交,有,88,414,123456
197,190198,南方,习惯早睡,喜欢,没有,容易,十分在意,外面,不喜欢,是,一般,讨厌社交,无,44,220,123456
198,190199,南方,习惯早睡,不喜欢,没有,不容易,一般,外面,一般,是,一般,一般,无,44,220,123456
199,190200,北方,习惯晚睡,不喜欢,没有,一般,比较在意,外面,不喜欢,是,几乎不,一般,有,176,802,123456
200,190201,南方,习惯晚睡,喜欢,有,一般,不在意,寝室,不喜欢,否,一般,喜好社交,无,157,708,123456
201,190202,北方,习惯早睡,喜欢,有,容易,一般,寝室,一般,否,几乎不,讨厌社交,无,88,414,123456
202,190203,北方,习惯早睡,不喜欢,有,不容易,不在意,寝室,喜欢,否,热爱,喜好社交,有,157,708,123456
203,190204,南方,习惯晚睡,喜欢,没有,不容易,比较在意,寝室,喜欢,否,一般,喜好社交,无,2,103,123456
204,190205,南方,习惯晚睡,一般,没有,容易,一般,寝室,不喜欢,是,几乎不,讨厌社交,有,2,103,123456
205,190206,南方,习惯早睡,非常喜欢,没有,不容易,比较在意,寝室,喜欢,是,热爱,讨厌社交,有,116,517,123456
206,190207,南方,习惯早睡,不喜欢,有,一般,十分在意,寝室,一般,是,一般,喜好社交,无,88,414,123456
207,190208,北方,习惯晚睡,非常喜欢,有,不容易,不在意,外面,一般,是,几乎不,喜好社交,无,29,205,123456
208,190209,北方,习惯晚睡,不喜欢,有,不容易,十分在意,外面,一般,是,几乎不,一般,无,29,205,123456
209,190210,南方,习惯早睡,喜欢,没有,不容易,十分在意,外面,喜欢,是,一般,一般,有,44,220,123456
210,190211,北方,习惯早睡,喜欢,没有,容易,不在意,外面,喜欢,是,热爱,一般,有,44,220,123456
211,190212,北方,习惯早睡,不喜欢,没有,容易,不在意,寝室,一般,是,一般,讨厌社交,无,13,114,123456
212,190213,南方,习惯晚睡,非常喜欢,有,不容易,一般,外面,不喜欢,是,一般,讨厌社交,有,135,611,123456
213,190214,南方,习惯晚睡,不喜欢,有,不容易,十分在意,外面,一般,是,几乎不,讨厌社交,无,136,612,123456
214,190215,北方,习惯晚睡,不喜欢,没有,不容易,比较在意,寝室,喜欢,否,一般,喜好社交,有,2,103,123456
215,190216,北方,习惯晚睡,一般,有,一般,一般,外面,喜欢,否,热爱,喜好社交,无,29,205,123456
216,190217,北方,习惯晚睡,不喜欢,有,容易,不在意,外面,一般,是,一般,一般,无,65,316,123456
217,190218,南方,习惯晚睡,喜欢,没有,不容易,不在意,外面,不喜欢,是,几乎不,喜好社交,无,176,802,123456
218,190219,南方,习惯晚睡,非常喜欢,有,不容易,不在意,寝室,不喜欢,是,热爱,讨厌社交,有,157,708,123456
219,190220,南方,习惯早睡,非常喜欢,没有,一般,十分在意,寝室,一般,是,一般,喜好社交,无,116,517,123456
220,190221,南方,习惯早睡,不喜欢,有,容易,不在意,寝室,不喜欢,是,几乎不,一般,有,157,708,123456
221,190222,北方,习惯早睡,一般,没有,容易,十分在意,寝室,一般,是,一般,喜好社交,无,116,517,123456
222,190223,南方,习惯早睡,非常喜欢,有,一般,不在意,寝室,喜欢,是,一般,喜好社交,有,158,709,123456
223,190224,北方,习惯早睡,非常喜欢,没有,容易,一般,寝室,不喜欢,是,热爱,喜好社交,无,13,114,123456
224,190225,北方,习惯晚睡,喜欢,有,容易,比较在意,寝室,一般,否,热爱,讨厌社交,有,88,414,123456
225,190226,南方,习惯晚睡,不喜欢,有,一般,十分在意,寝室,一般,是,一般,讨厌社交,无,89,415,123456
226,190227,南方,习惯晚睡,不喜欢,没有,一般,一般,外面,不喜欢,是,热爱,一般,无,176,802,123456
227,190228,北方,习惯晚睡,喜欢,没有,容易,比较在意,外面,不喜欢,是,一般,讨厌社交,有,176,802,123456
228,190229,南方,习惯晚睡,非常喜欢,有,容易,十分在意,外面,不喜欢,是,几乎不,讨厌社交,有,136,612,123456
229,190230,北方,习惯早睡,喜欢,有,不容易,比较在意,外面,一般,是,几乎不,讨厌社交,有,65,316,123456
230,190231,南方,习惯早睡,喜欢,有,一般,比较在意,寝室,不喜欢,是,一般,一般,有,89,415,123456
231,190232,北方,习惯早睡,喜欢,没有,一般,一般,外面,不喜欢,是,一般,讨厌社交,有,45,221,123456
232,190233,南方,习惯晚睡,喜欢,没有,一般,不在意,外面,一般,是,一般,一般,无,177,803,123456
233,190234,北方,习惯晚睡,不喜欢,没有,一般,不在意,寝室,喜欢,是,热爱,一般,有,3,104,123456
234,190235,北方,习惯早睡,喜欢,没有,一般,一般,寝室,一般,是,热爱,喜好社交,无,14,115,123456
235,190236,南方,习惯早睡,不喜欢,没有,容易,十分在意,寝室,不喜欢,是,一般,讨厌社交,无,14,115,123456
236,190237,南方,习惯晚睡,非常喜欢,有,容易,十分在意,外面,喜欢,是,几乎不,喜好社交,无,136,612,123456
237,190238,南方,习惯晚睡,一般,有,一般,比较在意,外面,一般,是,几乎不,喜好社交,有,30,206,123456
238,190239,北方,习惯早睡,喜欢,有,容易,十分在意,外面,一般,否,几乎不,喜好社交,有,30,206,123456
239,190240,北方,习惯早睡,非常喜欢,没有,不容易,不在意,寝室,喜欢,是,几乎不,一般,有,14,115,123456
240,190241,南方,习惯晚睡,喜欢,没有,一般,十分在意,寝室,喜欢,是,热爱,一般,有,116,517,123456
241,190242,北方,习惯晚睡,非常喜欢,没有,一般,十分在意,外面,一般,是,几乎不,一般,有,177,803,123456
242,190243,北方,习惯晚睡,一般,有,容易,不在意,外面,喜欢,是,几乎不,一般,有,65,316,123456
243,190244,南方,习惯晚睡,不喜欢,没有,不容易,比较在意,外面,一般,是,热爱,一般,无,177,803,123456
244,190245,南方,习惯早睡,一般,有,不容易,十分在意,寝室,一般,是,热爱,讨厌社交,有,89,415,123456
245,190246,北方,习惯晚睡,不喜欢,没有,一般,比较在意,外面,一般,否,热爱,讨厌社交,无,177,803,123456
246,190247,北方,习惯早睡,非常喜欢,没有,不容易,比较在意,外面,喜欢,是,几乎不,讨厌社交,无,45,221,123456
247,190248,南方,习惯晚睡,一般,有,容易,一般,外面,喜欢,是,一般,讨厌社交,有,136,612,123456
248,190249,南方,习惯早睡,喜欢,有,不容易,比较在意,外面,一般,否,几乎不,喜好社交,无,30,206,123456
249,190250,南方,习惯早睡,喜欢,有,容易,十分在意,寝室,一般,否,热爱,一般,有,89,415,123456
250,190251,北方,习惯早睡,一般,没有,不容易,比较在意,外面,喜欢,是,几乎不,喜好社交,无,45,221,123456
251,190252,南方,习惯晚睡,非常喜欢,有,容易,比较在意,寝室,不喜欢,否,热爱,讨厌社交,有,89,415,123456
252,190253,南方,习惯晚睡,非常喜欢,没有,一般,一般,外面,一般,是,热爱,一般,有,177,803,123456
253,190254,北方,习惯早睡,一般,没有,一般,不在意,寝室,不喜欢,否,一般,讨厌社交,无,14,115,123456
254,190255,南方,习惯早睡,非常喜欢,有,不容易,比较在意,外面,喜欢,是,几乎不,讨厌社交,有,136,612,123456
255,190256,南方,习惯早睡,非常喜欢,有,不容易,一般,寝室,不喜欢,否,一般,喜好社交,有,158,709,123456
256,190257,南方,习惯早睡,不喜欢,没有,不容易,一般,外面,一般,是,几乎不,讨厌社交,无,45,221,123456
257,190258,南方,习惯早睡,一般,没有,容易,一般,外面,不喜欢,是,几乎不,喜好社交,无,45,221,123456
258,190259,南方,习惯早睡,一般,有,容易,不在意,寝室,喜欢,否,几乎不,讨厌社交,有,158,709,123456
259,190260,北方,习惯晚睡,非常喜欢,有,一般,比较在意,寝室,喜欢,否,一般,讨厌社交,无,90,416,123456
260,190261,北方,习惯晚睡,一般,有,不容易,不在意,寝室,不喜欢,否,热爱,喜好社交,无,158,709,123456
261,190262,南方,习惯晚睡,一般,有,一般,比较在意,外面,喜欢,否,一般,一般,无,137,613,123456
262,190263,北方,习惯早睡,一般,没有,一般,不在意,寝室,喜欢,是,一般,一般,有,14,115,123456
263,190264,北方,习惯早睡,喜欢,没有,容易,一般,外面,一般,是,几乎不,讨厌社交,有,46,222,123456
264,190265,南方,习惯晚睡,不喜欢,有,不容易,十分在意,寝室,不喜欢,是,一般,讨厌社交,有,90,416,123456
265,190266,南方,习惯晚睡,非常喜欢,有,容易,十分在意,外面,喜欢,是,热爱,喜好社交,无,137,613,123456
266,190267,南方,习惯早睡,非常喜欢,没有,容易,十分在意,寝室,一般,否,热爱,讨厌社交,无,15,116,123456
267,190268,北方,习惯晚睡,喜欢,没有,一般,十分在意,寝室,不喜欢,否,几乎不,一般,有,116,517,123456
268,190269,南方,习惯晚睡,不喜欢,有,容易,一般,寝室,一般,是,一般,喜好社交,无,158,709,123456
269,190270,南方,习惯早睡,喜欢,有,一般,一般,外面,不喜欢,否,一般,讨厌社交,无,137,613,123456
270,190271,北方,习惯早睡,喜欢,没有,一般,一般,外面,喜欢,是,热爱,喜好社交,有,46,222,123456
271,190272,南方,习惯晚睡,喜欢,没有,一般,一般,外面,不喜欢,是,热爱,喜好社交,有,178,804,123456
272,190273,北方,习惯晚睡,喜欢,有,不容易,一般,寝室,喜欢,否,一般,讨厌社交,无,90,416,123456
273,190274,南方,习惯晚睡,不喜欢,没有,一般,不在意,寝室,喜欢,否,热爱,喜好社交,有,3,104,123456
274,190275,北方,习惯晚睡,一般,有,一般,十分在意,寝室,喜欢,是,一般,讨厌社交,有,90,416,123456
275,190276,北方,习惯晚睡,一般,没有,不容易,一般,外面,不喜欢,是,热爱,讨厌社交,无,178,804,123456
276,190277,南方,习惯晚睡,喜欢,有,不容易,十分在意,寝室,喜欢,否,一般,一般,有,90,416,123456
277,190278,北方,习惯早睡,喜欢,有,一般,十分在意,寝室,喜欢,否,一般,讨厌社交,无,91,417,123456
278,190279,北方,习惯晚睡,一般,没有,不容易,十分在意,寝室,一般,是,一般,一般,有,117,518,123456
279,190280,南方,习惯早睡,一般,有,容易,一般,外面,喜欢,是,一般,讨厌社交,有,137,613,123456
280,190281,北方,习惯晚睡,非常喜欢,没有,不容易,不在意,外面,喜欢,否,一般,讨厌社交,无,178,804,123456
281,190282,北方,习惯晚睡,不喜欢,没有,容易,一般,寝室,一般,否,热爱,一般,无,3,104,123456
282,190283,南方,习惯晚睡,非常喜欢,没有,一般,一般,外面,一般,是,几乎不,一般,无,178,804,123456
283,190284,北方,习惯早睡,喜欢,有,容易,一般,寝室,不喜欢,否,一般,一般,无,159,710,123456
284,190285,北方,习惯晚睡,非常喜欢,有,一般,十分在意,外面,喜欢,否,一般,喜好社交,无,30,206,123456
285,190286,北方,习惯早睡,不喜欢,没有,一般,不在意,外面,不喜欢,是,一般,讨厌社交,无,46,222,123456
286,190287,北方,习惯早睡,非常喜欢,有,容易,不在意,外面,一般,是,几乎不,讨厌社交,无,65,316,123456
287,190288,北方,习惯晚睡,喜欢,有,一般,不在意,外面,不喜欢,是,热爱,一般,有,66,317,123456
288,190289,南方,习惯晚睡,不喜欢,有,不容易,不在意,外面,喜欢,否,几乎不,喜好社交,无,30,206,123456
289,190290,北方,习惯早睡,一般,有,一般,十分在意,外面,一般,是,几乎不,讨厌社交,有,66,317,123456
290,190291,南方,习惯晚睡,一般,有,容易,比较在意,外面,喜欢,是,热爱,一般,无,137,613,123456
291,190292,北方,习惯早睡,不喜欢,有,一般,比较在意,外面,一般,是,热爱,一般,无,66,317,123456
292,190293,北方,习惯早睡,一般,有,容易,比较在意,寝室,一般,是,热爱,讨厌社交,有,91,417,123456
293,190294,南方,习惯早睡,不喜欢,有,一般,一般,外面,喜欢,是,几乎不,喜好社交,有,31,207,123456
294,190295,南方,习惯晚睡,非常喜欢,没有,容易,十分在意,寝室,一般,否,热爱,一般,有,117,518,123456
295,190296,北方,习惯晚睡,非常喜欢,没有,不容易,一般,寝室,喜欢,是,几乎不,一般,无,3,104,123456
296,190297,南方,习惯晚睡,不喜欢,有,一般,比较在意,寝室,喜欢,是,热爱,讨厌社交,有,91,417,123456
297,190298,北方,习惯早睡,不喜欢,没有,容易,不在意,寝室,喜欢,是,一般,一般,有,15,116,123456
298,190299,北方,习惯早睡,喜欢,没有,一般,不在意,寝室,不喜欢,是,热爱,讨厌社交,无,15,116,123456
299,190300,北方,习惯早睡,喜欢,没有,一般,一般,寝室,一般,否,一般,喜好社交,有,117,518,123456
300,190301,南方,习惯晚睡,喜欢,没有,不容易,十分在意,寝室,喜欢,否,几乎不,讨厌社交,无,117,518,123456
301,190302,北方,习惯晚睡,一般,有,不容易,十分在意,寝室,一般,否,几乎不,喜好社交,有,91,417,123456
302,190303,北方,习惯晚睡,喜欢,有,一般,比较在意,外面,喜欢,是,一般,讨厌社交,无,66,317,123456
303,190304,南方,习惯早睡,不喜欢,没有,不容易,一般,外面,一般,否,一般,讨厌社交,有,46,222,123456
304,190305,北方,习惯早睡,不喜欢,有,容易,一般,寝室,不喜欢,否,热爱,喜好社交,有,159,710,123456
305,190306,南方,习惯早睡,非常喜欢,没有,不容易,不在意,外面,一般,否,热爱,讨厌社交,无,46,222,123456
306,190307,北方,习惯早睡,喜欢,没有,一般,比较在意,寝室,喜欢,是,一般,一般,无,117,518,123456
307,190308,北方,习惯早睡,喜欢,有,不容易,一般,寝室,喜欢,否,几乎不,一般,无,91,417,123456
308,190309,南方,习惯晚睡,一般,有,一般,不在意,寝室,一般,是,几乎不,一般,有,159,710,123456
309,190310,南方,习惯早睡,不喜欢,有,容易,不在意,寝室,一般,否,几乎不,讨厌社交,无,159,710,123456
310,190311,南方,习惯早睡,不喜欢,有,一般,一般,外面,不喜欢,是,一般,一般,有,31,207,123456
311,190312,南方,习惯晚睡,一般,没有,不容易,不在意,寝室,一般,是,几乎不,一般,有,3,104,123456
312,190313,北方,习惯晚睡,一般,有,容易,比较在意,外面,不喜欢,否,一般,喜好社交,有,66,317,123456
313,190314,南方,习惯晚睡,一般,没有,容易,十分在意,外面,不喜欢,否,一般,讨厌社交,有,178,804,123456
314,190315,北方,习惯早睡,不喜欢,有,不容易,比较在意,外面,喜欢,否,几乎不,一般,无,31,207,123456
315,190316,北方,习惯晚睡,非常喜欢,有,容易,一般,外面,不喜欢,否,热爱,讨厌社交,无,67,318,123456
316,190317,北方,习惯早睡,喜欢,有,容易,比较在意,寝室,喜欢,是,热爱,一般,无,92,418,123456
317,190318,北方,习惯早睡,一般,没有,不容易,不在意,寝室,不喜欢,否,一般,讨厌社交,无,15,116,123456
318,190319,南方,习惯晚睡,一般,有,容易,比较在意,外面,喜欢,否,几乎不,一般,有,138,614,123456
319,190320,北方,习惯晚睡,喜欢,没有,一般,不在意,外面,喜欢,是,几乎不,讨厌社交,有,179,805,123456
320,190321,南方,习惯早睡,非常喜欢,没有,一般,十分在意,外面,喜欢,否,一般,喜好社交,无,47,223,123456
321,190322,北方,习惯早睡,不喜欢,有,容易,不在意,外面,喜欢,是,几乎不,喜好社交,无,31,207,123456
322,190323,南方,习惯早睡,非常喜欢,有,容易,十分在意,外面,一般,是,几乎不,一般,有,138,614,123456
323,190324,北方,习惯晚睡,一般,没有,容易,比较在意,外面,喜欢,是,热爱,一般,有,179,805,123456
324,190325,南方,习惯晚睡,非常喜欢,有,一般,不在意,寝室,喜欢,否,一般,喜好社交,有,159,710,123456
325,190326,北方,习惯早睡,不喜欢,没有,容易,比较在意,寝室,喜欢,否,几乎不,喜好社交,无,118,519,123456
326,190327,北方,习惯晚睡,非常喜欢,有,不容易,不在意,寝室,喜欢,是,一般,喜好社交,有,160,711,123456
327,190328,北方,习惯晚睡,非常喜欢,没有,容易,比较在意,外面,不喜欢,是,一般,讨厌社交,无,179,805,123456
328,190329,南方,习惯晚睡,一般,没有,容易,十分在意,寝室,不喜欢,是,几乎不,一般,无,118,519,123456
329,190330,南方,习惯早睡,非常喜欢,没有,一般,比较在意,寝室,喜欢,否,热爱,喜好社交,有,118,519,123456
330,190331,北方,习惯晚睡,喜欢,没有,一般,不在意,外面,不喜欢,否,几乎不,讨厌社交,无,179,805,123456
331,190332,南方,习惯早睡,不喜欢,没有,容易,一般,外面,喜欢,是,一般,讨厌社交,有,47,223,123456
332,190333,北方,习惯晚睡,一般,有,不容易,不在意,寝室,一般,是,热爱,喜好社交,有,160,711,123456
333,190334,南方,习惯早睡,不喜欢,有,容易,一般,寝室,不喜欢,是,几乎不,一般,有,160,711,123456
334,190335,南方,习惯晚睡,喜欢,有,不容易,比较在意,外面,喜欢,否,一般,喜好社交,无,31,207,123456
335,190336,北方,习惯晚睡,非常喜欢,有,不容易,比较在意,外面,喜欢,否,热爱,讨厌社交,有,67,318,123456
336,190337,南方,习惯早睡,不喜欢,有,一般,比较在意,外面,一般,否,几乎不,一般,有,32,208,123456
337,190338,北方,习惯晚睡,一般,没有,不容易,十分在意,寝室,喜欢,是,几乎不,喜好社交,有,118,519,123456
338,190339,南方,习惯早睡,喜欢,没有,容易,不在意,外面,不喜欢,否,一般,讨厌社交,有,47,223,123456
339,190340,北方,习惯晚睡,非常喜欢,没有,一般,不在意,寝室,一般,是,一般,喜好社交,无,4,105,123456
340,190341,北方,习惯早睡,不喜欢,没有,一般,一般,寝室,不喜欢,否,几乎不,讨厌社交,有,15,116,123456
341,190342,北方,习惯晚睡,非常喜欢,没有,一般,不在意,寝室,一般,否,几乎不,一般,无,4,105,123456
342,190343,北方,习惯早睡,非常喜欢,没有,不容易,比较在意,寝室,一般,是,热爱,一般,有,118,519,123456
343,190344,南方,习惯早睡,一般,没有,容易,比较在意,寝室,一般,是,几乎不,一般,无,16,117,123456
344,190345,南方,习惯晚睡,不喜欢,没有,不容易,十分在意,寝室,喜欢,是,几乎不,一般,无,119,520,123456
345,190346,南方,习惯晚睡,不喜欢,没有,一般,比较在意,外面,喜欢,是,几乎不,讨厌社交,无,179,805,123456
346,190347,北方,习惯早睡,一般,没有,不容易,比较在意,寝室,不喜欢,否,几乎不,喜好社交,无,119,520,123456
347,190348,北方,习惯晚睡,不喜欢,有,不容易,一般,外面,不喜欢,是,几乎不,讨厌社交,有,67,318,123456
348,190349,南方,习惯晚睡,喜欢,没有,不容易,比较在意,外面,一般,否,热爱,一般,有,180,806,123456
349,190350,北方,习惯早睡,一般,没有,不容易,比较在意,外面,不喜欢,是,几乎不,讨厌社交,无,47,223,123456
350,190351,北方,习惯晚睡,喜欢,没有,容易,十分在意,寝室,不喜欢,是,热爱,讨厌社交,无,119,520,123456
351,190352,南方,习惯晚睡,一般,没有,容易,十分在意,外面,不喜欢,是,热爱,一般,有,180,806,123456
352,190353,南方,习惯早睡,喜欢,有,不容易,十分在意,外面,喜欢,否,一般,喜好社交,无,32,208,123456
353,190354,南方,习惯晚睡,不喜欢,没有,不容易,十分在意,外面,不喜欢,否,热爱,讨厌社交,无,180,806,123456
354,190355,南方,习惯早睡,非常喜欢,有,不容易,不在意,寝室,一般,否,热爱,讨厌社交,有,160,711,123456
355,190356,北方,习惯晚睡,喜欢,有,不容易,十分在意,外面,喜欢,否,几乎不,喜好社交,有,32,208,123456
356,190357,北方,习惯晚睡,一般,有,容易,不在意,外面,一般,是,热爱,讨厌社交,无,67,318,123456
357,190358,北方,习惯晚睡,一般,没有,不容易,比较在意,外面,喜欢,否,热爱,喜好社交,无,180,806,123456
358,190359,北方,习惯早睡,一般,有,一般,比较在意,外面,一般,是,热爱,一般,有,67,318,123456
359,190360,北方,习惯晚睡,喜欢,没有,容易,一般,外面,一般,否,一般,一般,有,180,806,123456
360,190361,北方,习惯早睡,喜欢,没有,容易,十分在意,外面,喜欢,否,几乎不,一般,无,47,223,123456
361,190362,南方,习惯晚睡,一般,有,一般,不在意,寝室,不喜欢,否,几乎不,讨厌社交,有,160,711,123456
362,190363,北方,习惯早睡,一般,没有,不容易,一般,寝室,一般,否,热爱,一般,有,16,117,123456
363,190364,北方,习惯早睡,一般,有,容易,不在意,外面,不喜欢,否,热爱,讨厌社交,有,68,319,123456
364,190365,北方,习惯早睡,不喜欢,有,容易,一般,寝室,喜欢,是,几乎不,喜好社交,无,92,418,123456
365,190366,北方,习惯晚睡,不喜欢,有,容易,比较在意,寝室,不喜欢,否,几乎不,喜好社交,无,92,418,123456
366,190367,南方,习惯早睡,非常喜欢,没有,一般,十分在意,寝室,一般,是,热爱,喜好社交,无,119,520,123456
367,190368,北方,习惯晚睡,不喜欢,没有,一般,一般,外面,喜欢,否,几乎不,讨厌社交,有,181,807,123456
368,190369,北方,习惯早睡,一般,没有,不容易,比较在意,外面,喜欢,否,热爱,一般,有,48,224,123456
369,190370,南方,习惯早睡,不喜欢,没有,一般,十分在意,寝室,一般,是,一般,讨厌社交,无,16,117,123456
370,190371,北方,习惯晚睡,一般,有,不容易,一般,外面,喜欢,否,热爱,讨厌社交,有,68,319,123456
371,190372,北方,习惯晚睡,一般,没有,不容易,比较在意,外面,一般,是,一般,讨厌社交,有,181,807,123456
372,190373,北方,习惯早睡,一般,有,容易,十分在意,寝室,一般,是,热爱,讨厌社交,有,92,418,123456
373,190374,北方,习惯晚睡,非常喜欢,没有,容易,比较在意,寝室,一般,否,一般,一般,无,119,520,123456
374,190375,南方,习惯早睡,喜欢,没有,容易,一般,寝室,一般,是,热爱,讨厌社交,无,16,117,123456
375,190376,北方,习惯晚睡,一般,没有,容易,一般,外面,一般,否,热爱,喜好社交,有,181,807,123456
376,190377,南方,习惯晚睡,一般,有,容易,一般,寝室,一般,是,一般,讨厌社交,无,92,418,123456
377,190378,南方,习惯早睡,不喜欢,有,不容易,一般,外面,不喜欢,否,热爱,讨厌社交,无,68,319,123456
378,190379,南方,习惯晚睡,一般,没有,一般,一般,寝室,喜欢,否,几乎不,一般,无,4,105,123456
379,190380,北方,习惯晚睡,不喜欢,有,容易,一般,寝室,不喜欢,是,一般,喜好社交,有,161,712,123456
380,190381,北方,习惯晚睡,不喜欢,没有,一般,十分在意,外面,一般,否,热爱,一般,无,181,807,123456
381,190382,南方,习惯晚睡,不喜欢,有,容易,十分在意,寝室,一般,否,几乎不,喜好社交,无,93,419,123456
382,190383,南方,习惯晚睡,喜欢,有,不容易,一般,外面,不喜欢,是,热爱,喜好社交,有,138,614,123456
383,190384,南方,习惯晚睡,非常喜欢,有,容易,比较在意,外面,一般,否,热爱,讨厌社交,有,138,614,123456
384,190385,南方,习惯晚睡,不喜欢,没有,不容易,十分在意,外面,一般,是,几乎不,一般,无,181,807,123456
385,190386,北方,习惯早睡,喜欢,有,不容易,十分在意,寝室,不喜欢,否,一般,讨厌社交,有,93,419,123456
386,190387,北方,习惯早睡,一般,有,容易,十分在意,寝室,一般,否,一般,讨厌社交,有,93,419,123456
387,190388,北方,习惯晚睡,非常喜欢,没有,容易,十分在意,外面,一般,否,一般,讨厌社交,无,182,808,123456
388,190389,北方,习惯晚睡,不喜欢,没有,一般,十分在意,外面,一般,是,热爱,一般,无,182,808,123456
389,190390,北方,习惯晚睡,一般,有,容易,不在意,寝室,不喜欢,否,一般,讨厌社交,无,161,712,123456
390,190391,北方,习惯晚睡,一般,有,容易,不在意,寝室,一般,否,热爱,一般,无,161,712,123456
391,190392,北方,习惯早睡,非常喜欢,没有,一般,一般,寝室,一般,是,几乎不,讨厌社交,无,16,117,123456
392,190393,南方,习惯早睡,喜欢,没有,容易,十分在意,寝室,不喜欢,否,几乎不,一般,有,120,521,123456
393,190394,南方,习惯晚睡,一般,没有,不容易,不在意,寝室,喜欢,否,几乎不,讨厌社交,无,4,105,123456
394,190395,北方,习惯晚睡,不喜欢,没有,不容易,比较在意,外面,不喜欢,否,热爱,一般,有,182,808,123456
395,190396,北方,习惯早睡,非常喜欢,没有,容易,不在意,外面,喜欢,是,一般,喜好社交,有,48,224,123456
396,190397,北方,习惯早睡,喜欢,有,容易,比较在意,外面,一般,否,热爱,一般,无,68,319,123456
397,190398,北方,习惯晚睡,喜欢,有,容易,比较在意,寝室,一般,否,热爱,一般,有,93,419,123456
398,190399,南方,习惯早睡,非常喜欢,有,一般,一般,外面,一般,否,热爱,一般,无,138,614,123456
399,190400,北方,习惯晚睡,非常喜欢,没有,容易,十分在意,寝室,一般,是,几乎不,讨厌社交,无,120,521,123456
400,190401,南方,习惯早睡,喜欢,有,一般,一般,外面,一般,是,几乎不,喜好社交,有,32,208,123456
401,190402,北方,习惯早睡,喜欢,有,一般,十分在意,寝室,喜欢,是,几乎不,一般,无,93,419,123456
402,190403,北方,习惯早睡,一般,有,容易,一般,外面,喜欢,是,几乎不,喜好社交,有,32,208,123456
403,190404,南方,习惯早睡,喜欢,有,不容易,十分在意,外面,不喜欢,是,一般,喜好社交,有,33,209,123456
404,190405,北方,习惯早睡,非常喜欢,有,容易,不在意,外面,一般,否,热爱,讨厌社交,无,68,319,123456
405,190406,北方,习惯早睡,非常喜欢,没有,一般,一般,外面,一般,是,几乎不,一般,有,48,224,123456
406,190407,北方,习惯早睡,一般,没有,不容易,一般,外面,不喜欢,是,一般,一般,有,48,224,123456
407,190408,北方,习惯晚睡,不喜欢,有,不容易,十分在意,外面,不喜欢,否,几乎不,喜好社交,有,33,209,123456
408,190409,北方,习惯晚睡,不喜欢,有,一般,不在意,寝室,不喜欢,否,一般,喜好社交,无,161,712,123456
409,190410,北方,习惯晚睡,非常喜欢,没有,容易,比较在意,寝室,不喜欢,否,热爱,喜好社交,有,120,521,123456
410,190411,北方,习惯晚睡,非常喜欢,没有,不容易,十分在意,寝室,不喜欢,否,热爱,喜好社交,有,120,521,123456
411,190412,南方,习惯早睡,一般,没有,容易,十分在意,寝室,喜欢,否,一般,一般,无,120,521,123456
412,190413,北方,习惯晚睡,非常喜欢,有,一般,一般,外面,一般,是,热爱,讨厌社交,无,69,320,123456
413,190414,北方,习惯晚睡,不喜欢,有,容易,比较在意,寝室,不喜欢,否,几乎不,一般,有,94,420,123456
414,190415,北方,习惯晚睡,不喜欢,没有,容易,不在意,寝室,喜欢,否,热爱,喜好社交,有,4,105,123456
415,190416,南方,习惯晚睡,喜欢,没有,不容易,十分在意,外面,喜欢,否,热爱,喜好社交,有,182,808,123456
416,190417,北方,习惯晚睡,不喜欢,有,容易,一般,外面,喜欢,否,热爱,喜好社交,无,69,320,123456
417,190418,南方,习惯早睡,非常喜欢,有,不容易,比较在意,外面,一般,是,几乎不,讨厌社交,无,139,615,123456
418,190419,北方,习惯早睡,一般,有,容易,十分在意,寝室,不喜欢,是,一般,讨厌社交,有,94,420,123456
419,190420,南方,习惯晚睡,喜欢,有,一般,一般,外面,喜欢,否,一般,一般,无,139,615,123456
420,190421,北方,习惯早睡,非常喜欢,没有,不容易,十分在意,寝室,一般,否,几乎不,喜好社交,无,121,522,123456
421,190422,北方,习惯晚睡,非常喜欢,有,不容易,不在意,寝室,一般,是,一般,喜好社交,有,161,712,123456
422,190423,南方,习惯晚睡,喜欢,有,不容易,十分在意,寝室,喜欢,是,一般,一般,无,94,420,123456
423,190424,南方,习惯早睡,喜欢,有,不容易,一般,寝室,不喜欢,是,一般,一般,有,162,713,123456
424,190425,北方,习惯晚睡,非常喜欢,没有,一般,不在意,寝室,喜欢,否,一般,一般,无,5,106,123456
425,190426,南方,习惯晚睡,非常喜欢,没有,不容易,不在意,寝室,不喜欢,否,几乎不,讨厌社交,无,5,106,123456
426,190427,北方,习惯早睡,不喜欢,没有,不容易,一般,寝室,不喜欢,是,热爱,讨厌社交,无,17,118,123456
427,190428,南方,习惯晚睡,一般,有,不容易,不在意,寝室,不喜欢,否,一般,一般,有,162,713,123456
428,190429,北方,习惯晚睡,非常喜欢,没有,不容易,十分在意,寝室,不喜欢,是,一般,讨厌社交,无,121,522,123456
429,190430,南方,习惯早睡,一般,有,容易,比较在意,寝室,喜欢,是,几乎不,喜好社交,无,94,420,123456
430,190431,南方,习惯晚睡,不喜欢,没有,不容易,一般,外面,一般,否,热爱,一般,无,182,808,123456
431,190432,北方,习惯早睡,不喜欢,有,一般,比较在意,外面,一般,是,一般,一般,有,69,320,123456
432,190433,南方,习惯晚睡,一般,有,不容易,一般,外面,一般,是,一般,喜好社交,无,33,209,123456
433,190434,北方,习惯晚睡,不喜欢,没有,不容易,十分在意,外面,不喜欢,是,一般,讨厌社交,无,183,809,123456
434,190435,南方,习惯早睡,不喜欢,没有,一般,不在意,寝室,不喜欢,是,几乎不,一般,有,17,118,123456
435,190436,北方,习惯晚睡,非常喜欢,没有,不容易,比较在意,寝室,一般,是,热爱,喜好社交,有,121,522,123456
436,190437,南方,习惯晚睡,一般,没有,一般,十分在意,外面,喜欢,否,一般,一般,有,183,809,123456
437,190438,南方,习惯早睡,不喜欢,有,一般,一般,寝室,不喜欢,是,几乎不,一般,有,162,713,123456
438,190439,北方,习惯早睡,喜欢,有,不容易,比较在意,寝室,喜欢,是,一般,一般,无,94,420,123456
439,190440,南方,习惯晚睡,不喜欢,没有,不容易,比较在意,外面,一般,否,一般,喜好社交,无,183,809,123456
440,190441,南方,习惯早睡,喜欢,有,不容易,一般,寝室,一般,是,热爱,喜好社交,无,162,713,123456
441,190442,南方,习惯晚睡,不喜欢,有,一般,一般,外面,喜欢,否,几乎不,喜好社交,无,33,209,123456
442,190443,南方,习惯早睡,非常喜欢,没有,不容易,不在意,寝室,不喜欢,是,热爱,一般,有,17,118,123456
443,190444,北方,习惯晚睡,非常喜欢,没有,不容易,比较在意,寝室,喜欢,否,几乎不,讨厌社交,有,5,106,123456
444,190445,南方,习惯晚睡,不喜欢,没有,一般,不在意,外面,喜欢,否,几乎不,讨厌社交,有,183,809,123456
445,190446,南方,习惯早睡,喜欢,有,一般,一般,外面,一般,否,一般,喜好社交,无,33,209,123456
446,190447,南方,习惯早睡,一般,有,容易,比较在意,外面,喜欢,是,热爱,讨厌社交,有,139,615,123456
447,190448,北方,习惯晚睡,一般,有,不容易,不在意,外面,不喜欢,否,一般,讨厌社交,无,69,320,123456
448,190449,南方,习惯早睡,喜欢,有,不容易,十分在意,寝室,一般,否,热爱,喜好社交,有,95,421,123456
449,190450,南方,习惯早睡,喜欢,没有,容易,比较在意,寝室,喜欢,否,几乎不,讨厌社交,无,17,118,123456
450,190451,北方,习惯晚睡,非常喜欢,没有,容易,不在意,外面,不喜欢,是,一般,讨厌社交,无,183,809,123456
451,190452,南方,习惯晚睡,不喜欢,有,不容易,不在意,寝室,喜欢,否,一般,讨厌社交,有,162,713,123456
452,190453,北方,习惯早睡,非常喜欢,没有,一般,一般,外面,喜欢,是,一般,一般,有,48,224,123456
453,190454,南方,习惯早睡,非常喜欢,有,容易,十分在意,寝室,一般,否,几乎不,讨厌社交,无,95,421,123456
454,190455,北方,习惯晚睡,喜欢,有,容易,一般,外面,不喜欢,否,一般,讨厌社交,无,69,320,123456
455,190456,北方,习惯晚睡,喜欢,有,一般,比较在意,寝室,不喜欢,否,几乎不,讨厌社交,有,95,421,123456
456,190457,南方,习惯早睡,一般,有,不容易,十分在意,寝室,不喜欢,是,热爱,喜好社交,无,95,421,123456
457,190458,北方,习惯晚睡,非常喜欢,有,容易,十分在意,外面,不喜欢,否,热爱,喜好社交,有,70,321,123456
458,190459,北方,习惯晚睡,不喜欢,没有,一般,十分在意,外面,喜欢,否,一般,喜好社交,无,184,810,123456
459,190460,北方,习惯晚睡,喜欢,有,不容易,比较在意,外面,不喜欢,否,热爱,一般,有,70,321,123456
460,190461,北方,习惯晚睡,喜欢,没有,容易,比较在意,外面,喜欢,否,几乎不,讨厌社交,无,184,810,123456
461,190462,南方,习惯早睡,不喜欢,没有,不容易,不在意,寝室,一般,否,一般,喜好社交,有,17,118,123456
462,190463,北方,习惯晚睡,一般,有,容易,比较在意,外面,一般,否,一般,一般,有,70,321,123456
463,190464,南方,习惯晚睡,不喜欢,没有,容易,不在意,外面,不喜欢,是,一般,讨厌社交,无,184,810,123456
464,190465,北方,习惯早睡,喜欢,没有,不容易,十分在意,寝室,不喜欢,否,热爱,喜好社交,有,121,522,123456
465,190466,南方,习惯晚睡,非常喜欢,有,一般,比较在意,寝室,一般,是,一般,喜好社交,无,95,421,123456
466,190467,南方,习惯早睡,不喜欢,没有,容易,一般,寝室,喜欢,否,热爱,讨厌社交,无,18,119,123456
467,190468,北方,习惯早睡,一般,没有,不容易,比较在意,外面,一般,否,几乎不,喜好社交,无,49,225,123456
468,190469,南方,习惯晚睡,一般,有,容易,一般,寝室,一般,是,几乎不,喜好社交,无,163,714,123456
469,190470,南方,习惯早睡,不喜欢,没有,容易,不在意,外面,一般,否,几乎不,喜好社交,有,49,225,123456
470,190471,南方,习惯晚睡,不喜欢,没有,不容易,一般,外面,喜欢,否,热爱,讨厌社交,无,184,810,123456
471,190472,北方,习惯早睡,不喜欢,有,不容易,比较在意,外面,一般,否,热爱,讨厌社交,有,70,321,123456
472,190473,南方,习惯晚睡,不喜欢,有,不容易,比较在意,寝室,一般,否,几乎不,喜好社交,无,96,422,123456
473,190474,北方,习惯晚睡,非常喜欢,有,容易,比较在意,寝室,喜欢,是,一般,喜好社交,有,96,422,123456
474,190475,南方,习惯晚睡,不喜欢,没有,容易,一般,外面,不喜欢,否,几乎不,喜好社交,无,184,810,123456
475,190476,南方,习惯晚睡,一般,没有,不容易,不在意,寝室,喜欢,是,一般,喜好社交,无,5,106,123456
476,190477,北方,习惯晚睡,一般,有,容易,一般,寝室,喜欢,否,热爱,喜好社交,有,163,714,123456
477,190478,北方,习惯早睡,喜欢,没有,一般,比较在意,寝室,喜欢,是,几乎不,喜好社交,有,121,522,123456
478,190479,北方,习惯晚睡,喜欢,有,一般,比较在意,寝室,一般,否,热爱,讨厌社交,无,96,422,123456
479,190480,南方,习惯晚睡,非常喜欢,有,一般,一般,外面,喜欢,是,几乎不,喜好社交,有,139,615,123456
480,190481,北方,习惯晚睡,不喜欢,有,容易,不在意,寝室,不喜欢,是,热爱,一般,有,163,714,123456
481,190482,北方,习惯晚睡,一般,有,容易,一般,寝室,一般,是,几乎不,喜好社交,无,163,714,123456
482,190483,南方,习惯早睡,非常喜欢,没有,容易,十分在意,外面,喜欢,否,几乎不,一般,无,49,225,123456
483,190484,南方,习惯早睡,非常喜欢,有,容易,十分在意,外面,不喜欢,是,热爱,一般,无,139,615,123456
484,190485,南方,习惯晚睡,一般,有,一般,比较在意,寝室,一般,是,一般,讨厌社交,无,96,422,123456
485,190486,北方,习惯晚睡,非常喜欢,没有,容易,一般,寝室,一般,是,几乎不,一般,有,122,523,123456
486,190487,北方,习惯晚睡,喜欢,有,一般,十分在意,外面,一般,是,热爱,一般,有,70,321,123456
487,190488,南方,习惯早睡,非常喜欢,有,不容易,不在意,寝室,一般,是,几乎不,一般,无,163,714,123456
488,190489,南方,习惯晚睡,不喜欢,没有,容易,一般,寝室,喜欢,否,一般,一般,无,5,106,123456
489,190490,北方,习惯早睡,不喜欢,没有,不容易,不在意,寝室,一般,否,几乎不,喜好社交,无,18,119,123456
490,190491,北方,习惯早睡,一般,没有,不容易,不在意,外面,不喜欢,否,热爱,讨厌社交,无,49,225,123456
491,190492,北方,习惯晚睡,非常喜欢,有,一般,不在意,寝室,一般,是,热爱,喜好社交,无,164,715,123456
492,190493,南方,习惯晚睡,不喜欢,有,一般,比较在意,外面,不喜欢,是,一般,喜好社交,无,140,616,123456
493,190494,南方,习惯晚睡,喜欢,没有,容易,十分在意,寝室,喜欢,否,几乎不,喜好社交,有,122,523,123456
494,190495,南方,习惯晚睡,一般,没有,一般,一般,外面,一般,是,一般,喜好社交,有,185,811,123456
495,190496,南方,习惯晚睡,非常喜欢,有,容易,比较在意,外面,不喜欢,是,一般,一般,有,140,616,123456
496,190497,北方,习惯早睡,喜欢,有,一般,比较在意,外面,喜欢,是,几乎不,喜好社交,无,34,210,123456
497,190498,北方,习惯早睡,不喜欢,没有,一般,十分在意,寝室,一般,否,热爱,一般,无,122,523,123456
498,190499,北方,习惯晚睡,一般,有,不容易,十分在意,寝室,不喜欢,是,一般,一般,无,96,422,123456
499,190500,北方,习惯晚睡,喜欢,没有,一般,十分在意,外面,一般,否,几乎不,讨厌社交,无,185,811,123456
500,190501,北方,习惯早睡,不喜欢,没有,一般,十分在意,寝室,一般,否,几乎不,一般,有,122,523,123456
501,190502,南方,习惯晚睡,喜欢,有,一般,不在意,寝室,一般,是,热爱,一般,有,164,715,123456
502,190503,北方,习惯晚睡,非常喜欢,有,不容易,不在意,外面,一般,是,热爱,讨厌社交,无,71,322,123456
503,190504,北方,习惯早睡,喜欢,没有,一般,比较在意,寝室,不喜欢,是,几乎不,一般,有,122,523,123456
504,190505,北方,习惯晚睡,一般,没有,不容易,一般,寝室,不喜欢,是,一般,喜好社交,有,123,524,123456
505,190506,南方,习惯晚睡,喜欢,没有,不容易,比较在意,外面,一般,是,热爱,一般,无,185,811,123456
506,190507,北方,习惯晚睡,一般,没有,一般,不在意,寝室,喜欢,是,热爱,讨厌社交,有,6,107,123456
507,190508,南方,习惯晚睡,不喜欢,没有,一般,不在意,外面,喜欢,是,几乎不,讨厌社交,有,185,811,123456
508,190509,北方,习惯晚睡,不喜欢,没有,不容易,一般,寝室,喜欢,否,热爱,一般,有,6,107,123456
509,190510,南方,习惯晚睡,不喜欢,有,容易,十分在意,外面,喜欢,是,一般,喜好社交,有,140,616,123456
510,190511,南方,习惯晚睡,一般,没有,一般,比较在意,外面,喜欢,否,一般,喜好社交,无,185,811,123456
511,190512,北方,习惯晚睡,喜欢,有,容易,十分在意,外面,喜欢,否,热爱,讨厌社交,有,71,322,123456
512,190513,南方,习惯早睡,喜欢,没有,容易,一般,寝室,不喜欢,否,一般,讨厌社交,有,18,119,123456
513,190514,北方,习惯早睡,喜欢,没有,一般,不在意,寝室,一般,否,几乎不,一般,有,18,119,123456
514,190515,北方,习惯晚睡,不喜欢,有,容易,十分在意,外面,一般,否,热爱,讨厌社交,有,71,322,123456
515,190516,南方,习惯早睡,非常喜欢,没有,一般,比较在意,寝室,一般,否,热爱,一般,有,123,524,123456
516,190517,北方,习惯早睡,非常喜欢,没有,不容易,十分在意,外面,喜欢,是,热爱,讨厌社交,无,49,225,123456
517,190518,南方,习惯晚睡,不喜欢,有,容易,不在意,外面,喜欢,否,几乎不,一般,无,34,210,123456
518,190519,南方,习惯早睡,一般,没有,不容易,一般,寝室,不喜欢,否,几乎不,一般,无,18,119,123456
519,190520,南方,习惯晚睡,不喜欢,有,一般,十分在意,外面,喜欢,是,热爱,讨厌社交,有,140,616,123456
520,190521,南方,习惯晚睡,不喜欢,没有,不容易,十分在意,寝室,喜欢,是,一般,喜好社交,无,123,524,123456
521,190522,北方,习惯早睡,喜欢,有,不容易,十分在意,寝室,喜欢,否,几乎不,讨厌社交,无,97,423,123456
522,190523,南方,习惯晚睡,不喜欢,有,容易,一般,寝室,喜欢,否,一般,一般,有,97,423,123456
523,190524,南方,习惯晚睡,非常喜欢,没有,一般,一般,寝室,喜欢,否,几乎不,喜好社交,有,6,107,123456
524,190525,北方,习惯早睡,喜欢,有,一般,不在意,外面,喜欢,否,一般,喜好社交,有,34,210,123456
525,190526,北方,习惯早睡,一般,有,一般,比较在意,寝室,不喜欢,是,一般,讨厌社交,无,97,423,123456
526,190527,北方,习惯晚睡,不喜欢,没有,不容易,不在意,外面,一般,否,几乎不,喜好社交,有,186,812,123456
527,190528,南方,习惯早睡,不喜欢,有,容易,十分在意,外面,不喜欢,是,一般,喜好社交,有,140,616,123456
528,190529,南方,习惯晚睡,一般,没有,不容易,一般,寝室,不喜欢,是,一般,讨厌社交,无,6,107,123456
529,190530,北方,习惯早睡,非常喜欢,有,一般,十分在意,外面,喜欢,是,几乎不,讨厌社交,有,71,322,123456
530,190531,北方,习惯晚睡,喜欢,没有,容易,一般,外面,不喜欢,否,几乎不,一般,有,186,812,123456
531,190532,北方,习惯早睡,一般,没有,一般,比较在意,寝室,喜欢,是,热爱,喜好社交,有,123,524,123456
532,190533,北方,习惯晚睡,非常喜欢,有,不容易,一般,外面,喜欢,是,热爱,一般,无,71,322,123456
533,190534,北方,习惯早睡,不喜欢,没有,一般,十分在意,寝室,不喜欢,否,热爱,喜好社交,无,123,524,123456
534,190535,北方,习惯晚睡,不喜欢,没有,容易,十分在意,寝室,不喜欢,否,几乎不,喜好社交,无,124,525,123456
535,190536,南方,习惯早睡,喜欢,没有,容易,不在意,外面,喜欢,是,一般,喜好社交,无,50,301,123456
536,190537,北方,习惯早睡,不喜欢,没有,容易,不在意,外面,喜欢,是,几乎不,一般,无,50,301,123456
537,190538,南方,习惯晚睡,一般,有,不容易,比较在意,寝室,一般,是,热爱,讨厌社交,有,97,423,123456
538,190539,北方,习惯晚睡,不喜欢,有,一般,不在意,寝室,不喜欢,是,一般,讨厌社交,有,164,715,123456
539,190540,北方,习惯晚睡,不喜欢,没有,不容易,不在意,寝室,一般,否,热爱,讨厌社交,无,6,107,123456
540,190541,北方,习惯早睡,一般,没有,一般,十分在意,外面,喜欢,否,几乎不,喜好社交,无,50,301,123456
541,190542,北方,习惯早睡,喜欢,有,不容易,比较在意,寝室,不喜欢,否,热爱,一般,有,97,423,123456
542,190543,北方,习惯晚睡,喜欢,没有,不容易,十分在意,外面,喜欢,否,一般,喜好社交,无,186,812,123456
543,190544,北方,习惯早睡,一般,没有,容易,不在意,外面,一般,否,几乎不,喜好社交,有,50,301,123456
544,190545,南方,习惯早睡,一般,没有,一般,比较在意,寝室,一般,否,几乎不,一般,有,19,120,123456
545,190546,南方,习惯晚睡,喜欢,没有,一般,一般,寝室,喜欢,是,几乎不,一般,有,7,108,123456
546,190547,南方,习惯晚睡,非常喜欢,有,容易,一般,寝室,一般,否,热爱,一般,无,164,715,123456
547,190548,南方,习惯晚睡,一般,有,不容易,不在意,外面,不喜欢,否,几乎不,讨厌社交,有,34,210,123456
548,190549,北方,习惯早睡,非常喜欢,有,一般,十分在意,外面,一般,是,一般,一般,无,72,323,123456
549,190550,北方,习惯早睡,不喜欢,有,不容易,不在意,外面,喜欢,是,热爱,一般,无,72,323,123456
550,190551,南方,习惯晚睡,非常喜欢,有,不容易,比较在意,寝室,喜欢,是,热爱,一般,有,98,424,123456
551,190552,南方,习惯早睡,喜欢,有,不容易,十分在意,外面,喜欢,是,热爱,喜好社交,无,141,617,123456
552,190553,北方,习惯晚睡,非常喜欢,没有,容易,一般,外面,不喜欢,是,几乎不,一般,无,186,812,123456
553,190554,北方,习惯早睡,不喜欢,没有,容易,比较在意,寝室,不喜欢,否,热爱,讨厌社交,无,19,120,123456
554,190555,南方,习惯早睡,不喜欢,没有,容易,十分在意,外面,喜欢,是,热爱,喜好社交,无,50,301,123456
555,190556,北方,习惯早睡,一般,有,一般,比较在意,外面,喜欢,否,几乎不,讨厌社交,有,72,323,123456
556,190557,南方,习惯晚睡,喜欢,没有,容易,比较在意,外面,喜欢,是,几乎不,讨厌社交,无,186,812,123456
557,190558,北方,习惯早睡,非常喜欢,没有,容易,十分在意,外面,一般,是,几乎不,讨厌社交,无,51,302,123456
558,190559,北方,习惯早睡,不喜欢,有,不容易,不在意,寝室,喜欢,否,热爱,一般,无,164,715,123456
559,190560,南方,习惯晚睡,喜欢,没有,一般,不在意,外面,不喜欢,是,一般,喜好社交,无,187,813,123456
560,190561,南方,习惯晚睡,非常喜欢,没有,不容易,不在意,寝室,不喜欢,是,热爱,讨厌社交,有,7,108,123456
561,190562,南方,习惯早睡,一般,有,容易,不在意,外面,不喜欢,否,几乎不,一般,有,34,210,123456
562,190563,北方,习惯早睡,非常喜欢,没有,容易,比较在意,外面,不喜欢,否,热爱,一般,有,51,302,123456
563,190564,北方,习惯早睡,不喜欢,有,容易,十分在意,寝室,一般,否,一般,喜好社交,无,98,424,123456
564,190565,南方,习惯早睡,一般,没有,容易,不在意,寝室,不喜欢,是,热爱,喜好社交,无,19,120,123456
565,190566,北方,习惯晚睡,一般,没有,容易,十分在意,寝室,一般,是,一般,一般,有,124,525,123456
566,190567,北方,习惯早睡,不喜欢,有,一般,比较在意,寝室,不喜欢,否,几乎不,喜好社交,有,98,424,123456
567,190568,南方,习惯晚睡,非常喜欢,有,容易,比较在意,寝室,一般,是,几乎不,讨厌社交,有,98,424,123456
568,190569,北方,习惯早睡,喜欢,没有,一般,不在意,寝室,一般,否,一般,一般,有,19,120,123456
569,190570,南方,习惯早睡,一般,有,不容易,十分在意,寝室,一般,是,几乎不,喜好社交,无,98,424,123456
570,190571,南方,习惯晚睡,非常喜欢,有,不容易,一般,外面,喜欢,否,热爱,讨厌社交,无,141,617,123456
571,190572,北方,习惯早睡,喜欢,没有,容易,不在意,寝室,喜欢,是,一般,讨厌社交,无,19,120,123456
572,190573,南方,习惯晚睡,不喜欢,有,不容易,比较在意,寝室,一般,否,热爱,讨厌社交,无,99,425,123456
573,190574,南方,习惯晚睡,非常喜欢,没有,不容易,比较在意,寝室,一般,是,几乎不,讨厌社交,有,124,525,123456
574,190575,南方,习惯早睡,一般,没有,容易,比较在意,寝室,不喜欢,是,几乎不,讨厌社交,有,20,121,123456
575,190576,北方,习惯晚睡,喜欢,没有,不容易,比较在意,外面,一般,否,几乎不,一般,有,187,813,123456
576,190577,北方,习惯早睡,非常喜欢,有,容易,十分在意,外面,一般,是,几乎不,一般,有,72,323,123456
577,190578,北方,习惯晚睡,一般,没有,不容易,十分在意,外面,一般,否,一般,喜好社交,无,187,813,123456
578,190579,北方,习惯晚睡,非常喜欢,有,容易,十分在意,寝室,不喜欢,是,几乎不,喜好社交,有,99,425,123456
579,190580,南方,习惯早睡,不喜欢,没有,不容易,一般,外面,一般,否,热爱,一般,有,51,302,123456
580,190581,南方,习惯早睡,不喜欢,有,不容易,一般,寝室,一般,否,热爱,喜好社交,无,99,425,123456
581,190582,南方,习惯早睡,不喜欢,没有,一般,比较在意,外面,喜欢,是,热爱,喜好社交,无,51,302,123456
582,190583,北方,习惯晚睡,不喜欢,有,容易,十分在意,寝室,一般,否,热爱,喜好社交,有,99,425,123456
583,190584,北方,习惯早睡,喜欢,有,容易,不在意,寝室,一般,是,热爱,喜好社交,有,165,716,123456
584,190585,南方,习惯早睡,非常喜欢,有,不容易,一般,寝室,一般,是,几乎不,一般,有,165,716,123456
585,190586,南方,习惯早睡,喜欢,有,不容易,不在意,寝室,喜欢,是,几乎不,讨厌社交,有,165,716,123456
586,190587,南方,习惯晚睡,非常喜欢,没有,不容易,十分在意,外面,不喜欢,否,几乎不,一般,无,187,813,123456
587,190588,南方,习惯晚睡,一般,有,容易,比较在意,外面,一般,否,一般,讨厌社交,有,141,617,123456
588,190589,南方,习惯晚睡,不喜欢,没有,容易,不在意,寝室,一般,是,热爱,喜好社交,有,7,108,123456
589,190590,南方,习惯早睡,喜欢,没有,不容易,不在意,外面,一般,是,一般,一般,无,51,302,123456
590,190591,南方,习惯早睡,一般,没有,不容易,十分在意,寝室,喜欢,是,一般,喜好社交,无,124,525,123456
591,190592,南方,习惯晚睡,不喜欢,没有,不容易,一般,外面,喜欢,否,一般,喜好社交,无,187,813,123456
592,190593,北方,习惯晚睡,不喜欢,没有,一般,一般,寝室,喜欢,否,几乎不,一般,有,7,108,123456
593,190594,南方,习惯早睡,非常喜欢,有,容易,一般,外面,不喜欢,是,几乎不,讨厌社交,有,141,617,123456
594,190595,南方,习惯晚睡,不喜欢,有,不容易,一般,外面,喜欢,否,热爱,喜好社交,无,35,211,123456
595,190596,北方,习惯早睡,非常喜欢,有,一般,比较在意,外面,不喜欢,是,一般,喜好社交,有,35,211,123456
596,190597,北方,习惯晚睡,喜欢,没有,一般,十分在意,寝室,喜欢,是,几乎不,喜好社交,有,124,525,123456
597,190598,南方,习惯早睡,非常喜欢,没有,容易,十分在意,寝室,喜欢,是,热爱,讨厌社交,无,125,601,123456
598,190599,北方,习惯早睡,喜欢,有,容易,比较在意,寝室,喜欢,是,一般,一般,无,99,425,123456
599,190600,南方,习惯早睡,非常喜欢,有,不容易,一般,外面,一般,是,一般,喜好社交,有,35,211,123456
600,190601,南方,习惯晚睡,非常喜欢,有,一般,不在意,寝室,喜欢,是,一般,喜好社交,有,165,716,123456
601,190602,北方,习惯早睡,喜欢,没有,容易,比较在意,外面,一般,否,几乎不,一般,有,52,303,123456
602,190603,北方,习惯晚睡,喜欢,没有,容易,不在意,外面,喜欢,否,几乎不,讨厌社交,无,188,814,123456
603,190604,北方,习惯晚睡,一般,有,一般,一般,寝室,不喜欢,是,热爱,喜好社交,有,165,716,123456
604,190605,南方,习惯晚睡,非常喜欢,没有,一般,一般,外面,喜欢,是,热爱,喜好社交,无,188,814,123456
605,190606,北方,习惯晚睡,一般,有,不容易,不在意,寝室,喜欢,是,热爱,讨厌社交,无,166,717,123456
606,190607,北方,习惯早睡,喜欢,有,一般,比较在意,外面,一般,是,几乎不,喜好社交,无,35,211,123456
607,190608,南方,习惯早睡,非常喜欢,有,一般,十分在意,寝室,喜欢,是,一般,喜好社交,有,100,501,123456
608,190609,北方,习惯早睡,非常喜欢,有,容易,一般,外面,一般,是,一般,喜好社交,有,72,323,123456
609,190610,南方,习惯早睡,非常喜欢,没有,不容易,不在意,寝室,一般,否,热爱,一般,有,20,121,123456
610,190611,北方,习惯早睡,喜欢,有,不容易,不在意,寝室,不喜欢,是,热爱,讨厌社交,有,166,717,123456
611,190612,南方,习惯晚睡,不喜欢,没有,一般,十分在意,寝室,不喜欢,否,热爱,一般,有,125,601,123456
612,190613,北方,习惯早睡,一般,有,不容易,比较在意,外面,喜欢,否,热爱,喜好社交,有,35,211,123456
613,190614,南方,习惯晚睡,不喜欢,有,一般,比较在意,寝室,喜欢,否,一般,一般,有,100,501,123456
614,190615,南方,习惯早睡,一般,有,不容易,一般,外面,不喜欢,是,热爱,喜好社交,有,36,212,123456
615,190616,南方,习惯晚睡,喜欢,有,一般,比较在意,寝室,一般,是,几乎不,喜好社交,无,100,501,123456
616,190617,北方,习惯早睡,不喜欢,没有,容易,一般,寝室,不喜欢,否,一般,一般,有,20,121,123456
617,190618,北方,习惯晚睡,一般,没有,容易,比较在意,外面,一般,否,几乎不,讨厌社交,无,188,814,123456
618,190619,南方,习惯早睡,喜欢,没有,不容易,一般,外面,不喜欢,是,热爱,讨厌社交,无,52,303,123456
619,190620,南方,习惯早睡,不喜欢,没有,不容易,比较在意,外面,一般,否,热爱,一般,有,52,303,123456
620,190621,南方,习惯晚睡,不喜欢,没有,一般,一般,寝室,喜欢,是,几乎不,喜好社交,无,7,108,123456
621,190622,南方,习惯早睡,不喜欢,有,容易,比较在意,寝室,一般,是,几乎不,一般,有,100,501,123456
622,190623,南方,习惯早睡,喜欢,有,一般,不在意,寝室,喜欢,是,一般,一般,有,166,717,123456
623,190624,南方,习惯早睡,非常喜欢,没有,一般,不在意,外面,不喜欢,是,几乎不,一般,无,52,303,123456
624,190625,南方,习惯早睡,不喜欢,没有,容易,十分在意,外面,不喜欢,是,几乎不,喜好社交,无,52,303,123456
625,190626,南方,习惯晚睡,非常喜欢,没有,不容易,不在意,外面,不喜欢,否,几乎不,一般,有,188,814,123456
626,190627,北方,习惯早睡,喜欢,没有,不容易,比较在意,外面,不喜欢,是,几乎不,一般,有,53,304,123456
627,190628,北方,习惯早睡,喜欢,有,容易,不在意,寝室,不喜欢,否,热爱,喜好社交,无,166,717,123456
628,190629,北方,习惯晚睡,一般,没有,不容易,十分在意,寝室,不喜欢,是,热爱,喜好社交,有,125,601,123456
629,190630,南方,习惯晚睡,喜欢,没有,不容易,比较在意,外面,不喜欢,是,一般,一般,有,188,814,123456
630,190631,南方,习惯晚睡,喜欢,没有,不容易,比较在意,外面,喜欢,否,一般,讨厌社交,有,189,815,123456
631,190632,南方,习惯晚睡,一般,有,一般,比较在意,外面,喜欢,否,一般,一般,无,141,617,123456
632,190633,北方,习惯晚睡,非常喜欢,没有,容易,比较在意,外面,喜欢,否,热爱,一般,有,189,815,123456
633,190634,北方,习惯晚睡,不喜欢,有,容易,一般,外面,一般,否,热爱,一般,无,73,324,123456
634,190635,南方,习惯晚睡,一般,没有,不容易,十分在意,寝室,喜欢,是,热爱,一般,无,125,601,123456
635,190636,南方,习惯早睡,非常喜欢,有,容易,比较在意,寝室,一般,否,一般,一般,有,100,501,123456
636,190637,北方,习惯晚睡,非常喜欢,没有,容易,比较在意,寝室,喜欢,否,几乎不,一般,无,125,601,123456
637,190638,南方,习惯早睡,非常喜欢,有,容易,十分在意,寝室,不喜欢,否,几乎不,喜好社交,无,101,502,123456
638,190639,北方,习惯晚睡,喜欢,没有,一般,十分在意,寝室,喜欢,是,几乎不,一般,有,126,602,123456
639,190640,南方,习惯晚睡,喜欢,没有,容易,一般,外面,喜欢,是,几乎不,喜好社交,有,189,815,123456
640,190641,南方,习惯早睡,一般,没有,容易,十分在意,寝室,喜欢,是,热爱,讨厌社交,有,126,602,123456
641,190642,南方,习惯晚睡,一般,没有,一般,比较在意,外面,一般,是,热爱,喜好社交,无,189,815,123456
642,190643,南方,习惯早睡,喜欢,没有,容易,比较在意,外面,喜欢,是,热爱,一般,有,53,304,123456
643,190644,北方,习惯晚睡,不喜欢,没有,容易,比较在意,寝室,一般,否,热爱,讨厌社交,有,8,109,123456
644,190645,南方,习惯早睡,一般,有,容易,不在意,外面,喜欢,否,一般,喜好社交,无,36,212,123456
645,190646,南方,习惯早睡,一般,没有,不容易,一般,外面,不喜欢,是,几乎不,讨厌社交,有,53,304,123456
646,190647,南方,习惯晚睡,非常喜欢,没有,容易,比较在意,外面,不喜欢,否,热爱,一般,有,189,815,123456
647,190648,北方,习惯晚睡,喜欢,有,不容易,一般,寝室,喜欢,是,一般,讨厌社交,无,101,502,123456
648,190649,南方,习惯早睡,一般,有,一般,一般,寝室,喜欢,是,热爱,一般,无,101,502,123456
649,190650,北方,习惯晚睡,不喜欢,没有,容易,十分在意,寝室,喜欢,是,热爱,讨厌社交,有,126,602,123456
650,190651,北方,习惯早睡,喜欢,有,不容易,不在意,寝室,不喜欢,否,热爱,一般,有,166,717,123456
651,190652,北方,习惯早睡,喜欢,有,容易,十分在意,寝室,一般,是,几乎不,一般,无,101,502,123456
652,190653,北方,习惯早睡,不喜欢,有,容易,十分在意,外面,喜欢,是,热爱,一般,有,73,324,123456
653,190654,南方,习惯晚睡,一般,没有,一般,不在意,寝室,喜欢,是,几乎不,讨厌社交,无,8,109,123456
654,190655,北方,习惯早睡,非常喜欢,有,容易,一般,寝室,不喜欢,否,几乎不,讨厌社交,无,167,718,123456
655,190656,北方,习惯早睡,非常喜欢,没有,一般,一般,寝室,一般,是,几乎不,一般,无,20,121,123456
656,190657,北方,习惯早睡,不喜欢,没有,不容易,一般,寝室,喜欢,是,几乎不,讨厌社交,无,20,121,123456
657,190658,南方,习惯晚睡,非常喜欢,有,容易,一般,外面,一般,是,一般,一般,有,142,618,123456
658,190659,北方,习惯晚睡,不喜欢,没有,容易,不在意,寝室,一般,否,几乎不,一般,无,8,109,123456
659,190660,南方,习惯晚睡,非常喜欢,没有,一般,比较在意,寝室,喜欢,否,一般,喜好社交,无,126,602,123456
660,190661,北方,习惯早睡,喜欢,有,容易,不在意,寝室,不喜欢,是,热爱,一般,有,167,718,123456
661,190662,南方,习惯早睡,非常喜欢,有,容易,不在意,外面,一般,否,热爱,一般,无,142,618,123456
662,190663,北方,习惯早睡,非常喜欢,没有,容易,十分在意,外面,一般,是,一般,喜好社交,有,53,304,123456
663,190664,北方,习惯早睡,喜欢,有,容易,一般,外面,喜欢,是,一般,一般,有,73,324,123456
664,190665,北方,习惯早睡,不喜欢,没有,不容易,比较在意,外面,一般,是,几乎不,讨厌社交,无,53,304,123456
665,190666,南方,习惯早睡,非常喜欢,没有,不容易,一般,寝室,一般,否,一般,一般,无,21,122,123456
666,190667,南方,习惯早睡,不喜欢,有,不容易,一般,外面,喜欢,是,一般,喜好社交,无,36,212,123456
667,190668,南方,习惯晚睡,不喜欢,有,容易,比较在意,寝室,不喜欢,否,热爱,讨厌社交,无,101,502,123456
668,190669,南方,习惯晚睡,不喜欢,有,不容易,比较在意,外面,一般,否,几乎不,讨厌社交,有,36,212,123456
669,190670,北方,习惯晚睡,不喜欢,有,一般,比较在意,寝室,一般,是,热爱,一般,无,102,503,123456
670,190671,北方,习惯晚睡,非常喜欢,有,容易,十分在意,外面,一般,否,几乎不,喜好社交,有,36,212,123456
671,190672,南方,习惯晚睡,喜欢,有,不容易,十分在意,寝室,不喜欢,否,热爱,一般,有,102,503,123456
672,190673,北方,习惯晚睡,不喜欢,有,容易,比较在意,外面,不喜欢,是,几乎不,讨厌社交,有,73,324,123456
673,190674,南方,习惯晚睡,一般,没有,一般,十分在意,寝室,不喜欢,是,一般,喜好社交,无,126,602,123456
674,190675,南方,习惯晚睡,不喜欢,有,不容易,不在意,寝室,一般,是,热爱,喜好社交,有,167,718,123456
675,190676,南方,习惯早睡,不喜欢,没有,一般,不在意,寝室,喜欢,否,热爱,一般,有,21,122,123456
676,190677,北方,习惯晚睡,喜欢,有,不容易,一般,外面,喜欢,是,热爱,喜好社交,无,37,213,123456
677,190678,南方,习惯早睡,喜欢,没有,一般,比较在意,寝室,喜欢,否,一般,喜好社交,无,127,603,123456
678,190679,北方,习惯晚睡,喜欢,没有,不容易,不在意,外面,一般,是,几乎不,喜好社交,无,190,816,123456
679,190680,南方,习惯晚睡,非常喜欢,没有,不容易,比较在意,外面,一般,否,一般,喜好社交,有,190,816,123456
680,190681,南方,习惯晚睡,不喜欢,没有,容易,十分在意,寝室,喜欢,否,热爱,喜好社交,有,127,603,123456
681,190682,南方,习惯晚睡,非常喜欢,有,不容易,不在意,外面,一般,是,一般,喜好社交,无,142,618,123456
682,190683,南方,习惯晚睡,一般,有,容易,不在意,寝室,一般,是,热爱,喜好社交,有,167,718,123456
683,190684,南方,习惯早睡,喜欢,有,不容易,比较在意,外面,喜欢,否,一般,喜好社交,无,37,213,123456
684,190685,北方,习惯晚睡,不喜欢,有,容易,比较在意,外面,一般,是,一般,一般,无,73,324,123456
685,190686,南方,习惯晚睡,一般,有,容易,不在意,外面,喜欢,否,热爱,一般,无,142,618,123456
686,190687,北方,习惯晚睡,喜欢,没有,一般,不在意,寝室,一般,否,热爱,一般,无,8,109,123456
687,190688,南方,习惯早睡,一般,有,一般,不在意,外面,喜欢,是,热爱,讨厌社交,无,142,618,123456
688,190689,南方,习惯晚睡,不喜欢,没有,一般,比较在意,外面,一般,否,热爱,一般,有,190,816,123456
689,190690,南方,习惯晚睡,喜欢,有,一般,不在意,外面,不喜欢,否,热爱,讨厌社交,有,143,619,123456
690,190691,北方,习惯晚睡,不喜欢,有,容易,不在意,寝室,不喜欢,否,几乎不,一般,无,167,718,123456
691,190692,南方,习惯晚睡,一般,没有,不容易,不在意,寝室,不喜欢,是,一般,讨厌社交,有,8,109,123456
692,190693,北方,习惯早睡,一般,没有,不容易,十分在意,外面,不喜欢,是,热爱,讨厌社交,有,54,305,123456
693,190694,南方,习惯晚睡,一般,有,容易,十分在意,外面,一般,是,热爱,讨厌社交,无,143,619,123456
694,190695,北方,习惯早睡,不喜欢,有,一般,十分在意,外面,喜欢,否,一般,一般,无,37,213,123456
695,190696,北方,习惯早睡,不喜欢,没有,不容易,一般,寝室,一般,否,热爱,讨厌社交,无,21,122,123456
696,190697,南方,习惯晚睡,喜欢,有,不容易,一般,外面,一般,是,几乎不,喜好社交,有,37,213,123456
697,190698,南方,习惯晚睡,非常喜欢,有,一般,比较在意,寝室,一般,否,几乎不,一般,无,102,503,123456
698,190699,南方,习惯晚睡,非常喜欢,没有,一般,比较在意,寝室,不喜欢,是,一般,讨厌社交,有,127,603,123456
699,190700,北方,习惯晚睡,一般,有,一般,比较在意,外面,一般,是,一般,一般,无,74,325,123456
700,190701,北方,习惯晚睡,一般,没有,不容易,比较在意,寝室,不喜欢,否,几乎不,一般,无,127,603,123456
701,190702,北方,习惯早睡,喜欢,有,容易,一般,外面,喜欢,是,几乎不,一般,有,74,325,123456
702,190703,南方,习惯早睡,一般,有,不容易,比较在意,寝室,不喜欢,否,热爱,讨厌社交,有,102,503,123456
703,190704,南方,习惯晚睡,不喜欢,有,一般,不在意,寝室,喜欢,是,几乎不,讨厌社交,无,168,719,123456
704,190705,南方,习惯早睡,一般,有,容易,不在意,寝室,不喜欢,否,几乎不,一般,有,168,719,123456
705,190706,北方,习惯晚睡,非常喜欢,有,不容易,十分在意,寝室,一般,否,几乎不,讨厌社交,有,102,503,123456
706,190707,北方,习惯早睡,一般,没有,容易,比较在意,外面,一般,否,一般,讨厌社交,无,54,305,123456
707,190708,北方,习惯晚睡,非常喜欢,没有,一般,比较在意,寝室,不喜欢,是,几乎不,讨厌社交,有,127,603,123456
708,190709,南方,习惯晚睡,非常喜欢,没有,一般,不在意,寝室,喜欢,否,热爱,讨厌社交,有,9,110,123456
709,190710,南方,习惯晚睡,不喜欢,没有,一般,比较在意,外面,一般,否,几乎不,一般,有,190,816,123456
710,190711,南方,习惯晚睡,非常喜欢,有,不容易,比较在意,寝室,一般,否,几乎不,一般,无,103,504,123456
711,190712,南方,习惯早睡,喜欢,有,不容易,比较在意,外面,不喜欢,否,一般,喜好社交,无,37,213,123456
712,190713,南方,习惯晚睡,一般,没有,一般,不在意,外面,喜欢,是,热爱,喜好社交,无,190,816,123456
713,190714,北方,习惯早睡,非常喜欢,没有,一般,十分在意,寝室,一般,是,一般,一般,有,128,604,123456
714,190715,北方,习惯晚睡,一般,没有,不容易,一般,外面,不喜欢,否,热爱,喜好社交,无,191,817,123456
715,190716,南方,习惯晚睡,非常喜欢,没有,容易,十分在意,寝室,一般,否,一般,讨厌社交,有,128,604,123456
716,190717,北方,习惯晚睡,一般,没有,一般,比较在意,外面,喜欢,否,几乎不,喜好社交,无,191,817,123456
717,190718,北方,习惯早睡,一般,没有,一般,十分在意,寝室,一般,是,热爱,一般,无,128,604,123456
718,190719,南方,习惯晚睡,不喜欢,没有,容易,十分在意,寝室,不喜欢,是,热爱,讨厌社交,无,128,604,123456
719,190720,南方,习惯早睡,喜欢,有,不容易,十分在意,外面,不喜欢,否,热爱,讨厌社交,有,143,619,123456
720,190721,南方,习惯晚睡,非常喜欢,有,一般,比较在意,寝室,喜欢,是,热爱,一般,有,103,504,123456
721,190722,南方,习惯晚睡,一般,有,一般,十分在意,外面,喜欢,是,一般,讨厌社交,有,143,619,123456
722,190723,南方,习惯早睡,喜欢,有,不容易,一般,寝室,一般,否,热爱,讨厌社交,无,103,504,123456
723,190724,南方,习惯晚睡,喜欢,有,不容易,比较在意,寝室,喜欢,是,几乎不,喜好社交,无,103,504,123456
724,190725,南方,习惯晚睡,喜欢,有,容易,比较在意,寝室,喜欢,是,一般,喜好社交,有,103,504,123456
725,190726,北方,习惯晚睡,不喜欢,没有,一般,十分在意,外面,喜欢,否,一般,一般,有,191,817,123456
726,190727,南方,习惯早睡,不喜欢,有,一般,十分在意,外面,一般,否,几乎不,讨厌社交,无,143,619,123456
727,190728,南方,习惯晚睡,一般,有,不容易,比较在意,外面,不喜欢,是,一般,喜好社交,有,38,214,123456
728,190729,北方,习惯晚睡,非常喜欢,没有,不容易,十分在意,外面,不喜欢,否,一般,喜好社交,无,191,817,123456
729,190730,南方,习惯晚睡,一般,没有,不容易,一般,寝室,不喜欢,是,几乎不,讨厌社交,无,9,110,123456
730,190731,北方,习惯早睡,一般,有,不容易,十分在意,外面,不喜欢,是,热爱,喜好社交,无,38,214,123456
731,190732,南方,习惯晚睡,非常喜欢,有,不容易,不在意,寝室,不喜欢,是,一般,喜好社交,无,168,719,123456
732,190733,北方,习惯早睡,喜欢,没有,不容易,一般,寝室,喜欢,否,一般,一般,有,21,122,123456
733,190734,北方,习惯早睡,一般,有,不容易,不在意,寝室,一般,否,几乎不,讨厌社交,有,168,719,123456
734,190735,北方,习惯晚睡,一般,有,不容易,十分在意,寝室,不喜欢,否,热爱,喜好社交,有,104,505,123456
735,190736,南方,习惯早睡,一般,有,一般,比较在意,寝室,不喜欢,否,几乎不,一般,无,104,505,123456
736,190737,北方,习惯早睡,一般,没有,不容易,十分在意,寝室,喜欢,否,一般,一般,有,128,604,123456
737,190738,北方,习惯晚睡,一般,没有,一般,十分在意,寝室,一般,否,几乎不,喜好社交,有,129,605,123456
738,190739,北方,习惯晚睡,一般,有,容易,比较在意,寝室,喜欢,是,几乎不,讨厌社交,有,104,505,123456
739,190740,北方,习惯早睡,一般,没有,一般,比较在意,外面,喜欢,否,一般,讨厌社交,有,54,305,123456
740,190741,南方,习惯晚睡,一般,有,不容易,十分在意,寝室,一般,否,热爱,一般,有,104,505,123456
741,190742,南方,习惯晚睡,喜欢,有,容易,十分在意,寝室,不喜欢,否,热爱,喜好社交,无,104,505,123456
742,190743,南方,习惯晚睡,一般,有,不容易,不在意,寝室,不喜欢,是,几乎不,讨厌社交,有,168,719,123456
743,190744,北方,习惯晚睡,一般,没有,容易,比较在意,外面,喜欢,是,一般,讨厌社交,无,191,817,123456
744,190745,北方,习惯晚睡,不喜欢,有,容易,不在意,外面,不喜欢,是,热爱,一般,有,74,325,123456
745,190746,南方,习惯早睡,一般,没有,不容易,一般,外面,喜欢,否,一般,讨厌社交,有,54,305,123456
746,190747,南方,习惯早睡,不喜欢,没有,不容易,不在意,外面,喜欢,是,几乎不,讨厌社交,无,54,305,123456
747,190748,北方,习惯晚睡,喜欢,没有,一般,不在意,外面,喜欢,否,热爱,一般,无,192,818,123456
748,190749,南方,习惯晚睡,喜欢,没有,一般,不在意,寝室,一般,否,几乎不,一般,有,9,110,123456
749,190750,北方,习惯晚睡,不喜欢,没有,容易,一般,寝室,一般,是,一般,喜好社交,有,9,110,123456
750,190751,南方,习惯晚睡,喜欢,有,一般,十分在意,寝室,一般,是,热爱,喜好社交,有,105,506,123456
751,190752,南方,习惯晚睡,非常喜欢,没有,容易,十分在意,外面,一般,是,几乎不,讨厌社交,有,192,818,123456
752,190753,南方,习惯晚睡,喜欢,没有,不容易,不在意,寝室,不喜欢,是,热爱,喜好社交,有,9,110,123456
753,190754,北方,习惯早睡,一般,没有,不容易,十分在意,寝室,不喜欢,是,几乎不,喜好社交,无,129,605,123456
754,190755,北方,习惯晚睡,喜欢,有,一般,不在意,外面,喜欢,否,一般,一般,有,74,325,123456
755,190756,北方,习惯晚睡,非常喜欢,没有,一般,比较在意,寝室,不喜欢,是,几乎不,喜好社交,无,129,605,123456
756,190757,北方,习惯早睡,非常喜欢,没有,一般,十分在意,外面,喜欢,是,几乎不,喜好社交,有,55,306,123456
757,190758,南方,习惯早睡,非常喜欢,有,不容易,比较在意,外面,喜欢,是,热爱,一般,无,144,620,123456
758,190759,南方,习惯早睡,非常喜欢,没有,一般,十分在意,寝室,喜欢,是,几乎不,一般,无,129,605,123456
759,190760,北方,习惯晚睡,不喜欢,有,一般,比较在意,寝室,一般,是,热爱,一般,无,105,506,123456
760,190761,南方,习惯早睡,不喜欢,没有,一般,一般,寝室,喜欢,是,热爱,喜好社交,无,21,122,123456
761,190762,南方,习惯早睡,喜欢,没有,不容易,不在意,寝室,喜欢,是,几乎不,喜好社交,有,22,123,123456
762,190763,南方,习惯晚睡,一般,有,容易,比较在意,寝室,喜欢,是,一般,一般,无,105,506,123456
763,190764,北方,习惯早睡,一般,有,容易,十分在意,寝室,不喜欢,否,几乎不,讨厌社交,无,105,506,123456
764,190765,南方,习惯晚睡,一般,没有,容易,不在意,外面,喜欢,是,热爱,讨厌社交,有,192,818,123456
765,190766,南方,习惯早睡,一般,有,不容易,十分在意,外面,不喜欢,是,一般,一般,无,144,620,123456
766,190767,南方,习惯早睡,不喜欢,有,不容易,比较在意,外面,一般,否,几乎不,讨厌社交,有,38,214,123456
767,190768,南方,习惯晚睡,一般,没有,不容易,比较在意,寝室,不喜欢,是,一般,一般,有,129,605,123456
768,190769,北方,习惯早睡,喜欢,没有,一般,不在意,寝室,喜欢,否,几乎不,一般,有,22,123,123456
769,190770,北方,习惯晚睡,不喜欢,没有,一般,不在意,寝室,喜欢,否,热爱,讨厌社交,有,10,111,123456
770,190771,北方,习惯早睡,不喜欢,没有,一般,十分在意,寝室,不喜欢,否,热爱,一般,无,22,123,123456
771,190772,南方,习惯早睡,不喜欢,没有,不容易,比较在意,寝室,不喜欢,否,一般,讨厌社交,无,22,123,123456
772,190773,北方,习惯早睡,非常喜欢,有,容易,一般,寝室,一般,否,热爱,一般,有,169,720,123456
773,190774,北方,习惯早睡,喜欢,有,一般,比较在意,外面,一般,否,几乎不,一般,有,38,214,123456
774,190775,北方,习惯晚睡,一般,没有,不容易,比较在意,寝室,一般,是,一般,一般,无,130,606,123456
775,190776,北方,习惯晚睡,一般,没有,容易,一般,寝室,喜欢,是,热爱,喜好社交,有,10,111,123456
776,190777,南方,习惯早睡,非常喜欢,没有,不容易,十分在意,寝室,一般,是,几乎不,讨厌社交,无,130,606,123456
777,190778,北方,习惯早睡,非常喜欢,有,不容易,比较在意,外面,不喜欢,是,一般,讨厌社交,有,74,325,123456
778,190779,北方,习惯早睡,喜欢,没有,容易,比较在意,寝室,不喜欢,是,一般,喜好社交,有,130,606,123456
779,190780,南方,习惯晚睡,非常喜欢,有,一般,一般,外面,不喜欢,是,一般,讨厌社交,有,144,620,123456
780,190781,北方,习惯早睡,一般,没有,不容易,不在意,外面,喜欢,否,几乎不,讨厌社交,有,55,306,123456
781,190782,北方,习惯早睡,非常喜欢,有,容易,十分在意,寝室,喜欢,是,热爱,一般,无,105,506,123456
782,190783,南方,习惯晚睡,一般,有,容易,十分在意,外面,喜欢,是,热爱,一般,有,144,620,123456
783,190784,南方,习惯晚睡,不喜欢,有,一般,不在意,寝室,一般,否,热爱,一般,有,169,720,123456
784,190785,南方,习惯晚睡,不喜欢,没有,一般,比较在意,外面,喜欢,是,热爱,一般,无,192,818,123456
785,190786,北方,习惯晚睡,一般,有,不容易,十分在意,外面,不喜欢,否,热爱,喜好社交,无,38,214,123456
786,190787,南方,习惯早睡,一般,没有,容易,不在意,寝室,喜欢,是,一般,喜好社交,无,22,123,123456
787,190788,南方,习惯早睡,一般,没有,一般,十分在意,寝室,不喜欢,是,一般,一般,有,130,606,123456
788,190789,北方,习惯早睡,一般,有,一般,十分在意,寝室,喜欢,否,热爱,讨厌社交,无,106,507,123456
789,190790,北方,习惯早睡,不喜欢,有,一般,不在意,寝室,一般,否,几乎不,一般,有,169,720,123456
790,190791,北方,习惯晚睡,一般,有,一般,比较在意,外面,喜欢,否,一般,喜好社交,有,39,215,123456
791,190792,北方,习惯早睡,一般,有,一般,比较在意,外面,一般,否,热爱,讨厌社交,有,75,401,123456
792,190793,南方,习惯早睡,非常喜欢,有,容易,一般,寝室,不喜欢,否,一般,一般,有,169,720,123456
793,190794,南方,习惯早睡,非常喜欢,有,容易,不在意,寝室,不喜欢,否,几乎不,喜好社交,有,169,720,123456
794,190795,北方,习惯晚睡,不喜欢,没有,不容易,一般,寝室,不喜欢,否,热爱,喜好社交,无,10,111,123456
795,190796,北方,习惯晚睡,喜欢,没有,不容易,不在意,寝室,喜欢,是,几乎不,讨厌社交,无,10,111,123456
796,190797,南方,习惯早睡,一般,没有,容易,一般,外面,喜欢,是,一般,一般,无,55,306,123456
797,190798,南方,习惯早睡,一般,没有,不容易,一般,寝室,不喜欢,是,一般,一般,无,23,124,123456
798,190799,南方,习惯早睡,喜欢,有,一般,比较在意,外面,不喜欢,是,热爱,讨厌社交,无,144,620,123456
799,190800,南方,习惯晚睡,一般,有,容易,十分在意,外面,喜欢,否,热爱,一般,无,145,621,123456
800,190801,北方,习惯晚睡,一般,有,不容易,十分在意,寝室,不喜欢,是,几乎不,一般,有,106,507,123456
801,190802,北方,习惯晚睡,一般,没有,容易,十分在意,寝室,一般,是,一般,喜好社交,有,130,606,123456
802,190803,南方,习惯晚睡,不喜欢,有,不容易,一般,外面,不喜欢,是,热爱,一般,无,145,621,123456
803,190804,北方,习惯晚睡,不喜欢,有,不容易,十分在意,外面,一般,是,热爱,讨厌社交,无,75,401,123456
804,190805,南方,习惯晚睡,喜欢,有,容易,一般,外面,不喜欢,是,几乎不,讨厌社交,有,145,621,123456
805,190806,南方,习惯晚睡,不喜欢,有,不容易,比较在意,寝室,不喜欢,否,热爱,讨厌社交,有,106,507,123456
806,190807,南方,习惯晚睡,一般,有,容易,比较在意,寝室,不喜欢,是,热爱,喜好社交,无,170,721,123456
807,190808,北方,习惯早睡,非常喜欢,没有,不容易,十分在意,外面,喜欢,否,热爱,喜好社交,无,55,306,123456
808,190809,北方,习惯早睡,一般,没有,容易,一般,寝室,喜欢,是,几乎不,一般,有,23,124,123456
809,190810,北方,习惯早睡,喜欢,没有,容易,一般,外面,不喜欢,否,热爱,一般,有,55,306,123456
810,190811,北方,习惯晚睡,喜欢,没有,一般,不在意,外面,喜欢,否,热爱,喜好社交,无,192,818,123456
811,190812,北方,习惯晚睡,喜欢,有,不容易,一般,外面,不喜欢,是,热爱,一般,无,75,401,123456
812,190813,南方,习惯早睡,喜欢,没有,容易,一般,外面,一般,是,几乎不,一般,有,56,307,123456
813,190814,北方,习惯早睡,非常喜欢,有,一般,不在意,寝室,不喜欢,否,热爱,讨厌社交,有,170,721,123456
814,190815,南方,习惯早睡,一般,没有,不容易,一般,外面,一般,是,热爱,讨厌社交,无,56,307,123456
815,190816,南方,习惯晚睡,不喜欢,有,不容易,一般,外面,不喜欢,否,几乎不,一般,有,39,215,123456
816,190817,南方,习惯晚睡,不喜欢,没有,不容易,一般,寝室,喜欢,否,热爱,一般,无,10,111,123456
817,190818,南方,习惯早睡,不喜欢,有,不容易,比较在意,寝室,喜欢,否,几乎不,讨厌社交,有,106,507,123456
818,190819,南方,习惯早睡,喜欢,有,不容易,比较在意,外面,一般,是,热爱,喜好社交,有,145,621,123456
819,190820,北方,习惯晚睡,一般,有,不容易,不在意,寝室,喜欢,是,一般,讨厌社交,有,170,721,123456
820,190821,南方,习惯早睡,喜欢,没有,容易,比较在意,外面,不喜欢,否,几乎不,一般,有,56,307,123456
821,190822,南方,习惯晚睡,喜欢,没有,一般,一般,外面,不喜欢,是,几乎不,讨厌社交,有,193,819,123456
822,190823,北方,习惯晚睡,一般,有,不容易,一般,外面,一般,否,一般,喜好社交,有,39,215,123456
823,190824,北方,习惯晚睡,非常喜欢,没有,容易,一般,外面,一般,否,几乎不,一般,无,193,819,123456
824,190825,南方,习惯晚睡,不喜欢,有,不容易,比较在意,外面,一般,是,热爱,一般,无,145,621,123456
825,190826,北方,习惯晚睡,非常喜欢,有,一般,十分在意,外面,喜欢,否,几乎不,一般,有,39,215,123456
826,190827,南方,习惯早睡,不喜欢,有,容易,不在意,外面,一般,是,几乎不,喜好社交,无,39,215,123456
827,190828,南方,习惯晚睡,喜欢,没有,不容易,比较在意,寝室,一般,是,几乎不,一般,有,131,607,123456
828,190829,北方,习惯晚睡,不喜欢,没有,容易,不在意,外面,不喜欢,是,一般,喜好社交,有,193,819,123456
829,190830,南方,习惯晚睡,非常喜欢,有,一般,十分在意,寝室,一般,是,一般,喜好社交,有,106,507,123456
830,190831,北方,习惯晚睡,非常喜欢,没有,不容易,比较在意,寝室,一般,是,一般,喜好社交,无,131,607,123456
831,190832,北方,习惯早睡,非常喜欢,有,一般,十分在意,寝室,不喜欢,否,一般,喜好社交,无,107,508,123456
832,190833,南方,习惯晚睡,喜欢,有,一般,十分在意,外面,喜欢,否,热爱,喜好社交,无,146,622,123456
833,190834,北方,习惯晚睡,喜欢,有,一般,一般,寝室,不喜欢,是,热爱,一般,有,170,721,123456
834,190835,北方,习惯晚睡,不喜欢,有,一般,一般,外面,一般,否,几乎不,讨厌社交,无,75,401,123456
835,190836,北方,习惯早睡,非常喜欢,没有,容易,不在意,外面,一般,否,几乎不,讨厌社交,无,56,307,123456
836,190837,南方,习惯早睡,非常喜欢,没有,容易,比较在意,寝室,喜欢,否,几乎不,喜好社交,无,131,607,123456
837,190838,南方,习惯早睡,不喜欢,有,容易,一般,外面,一般,否,一般,喜好社交,有,40,216,123456
838,190839,北方,习惯晚睡,不喜欢,有,不容易,一般,外面,一般,否,一般,喜好社交,有,40,216,123456
839,190840,南方,习惯早睡,一般,有,不容易,不在意,寝室,喜欢,是,一般,喜好社交,无,170,721,123456
840,190841,南方,习惯晚睡,不喜欢,有,不容易,一般,寝室,喜欢,是,热爱,一般,有,171,722,123456
841,190842,北方,习惯晚睡,非常喜欢,有,一般,不在意,寝室,喜欢,是,热爱,一般,有,171,722,123456
842,190843,南方,习惯早睡,喜欢,有,一般,一般,寝室,喜欢,否,热爱,一般,有,171,722,123456
843,190844,南方,习惯晚睡,非常喜欢,有,容易,比较在意,外面,不喜欢,否,几乎不,一般,有,146,622,123456
844,190845,北方,习惯早睡,不喜欢,有,一般,十分在意,寝室,不喜欢,否,一般,喜好社交,无,107,508,123456
845,190846,南方,习惯晚睡,喜欢,有,一般,十分在意,寝室,喜欢,是,一般,喜好社交,有,107,508,123456
846,190847,北方,习惯晚睡,喜欢,没有,不容易,不在意,寝室,一般,是,热爱,一般,有,11,112,123456
847,190848,南方,习惯晚睡,非常喜欢,有,一般,比较在意,外面,喜欢,否,几乎不,讨厌社交,有,146,622,123456
848,190849,北方,习惯早睡,不喜欢,有,一般,比较在意,外面,一般,是,几乎不,一般,有,40,216,123456
849,190850,北方,习惯晚睡,一般,有,容易,一般,外面,不喜欢,是,热爱,喜好社交,无,75,401,123456
850,190851,北方,习惯早睡,非常喜欢,有,一般,十分在意,外面,一般,否,一般,一般,无,76,402,123456
851,190852,南方,习惯早睡,非常喜欢,没有,不容易,比较在意,外面,喜欢,否,几乎不,讨厌社交,有,56,307,123456
852,190853,南方,习惯晚睡,不喜欢,没有,不容易,一般,外面,一般,是,一般,喜好社交,无,193,819,123456
853,190854,北方,习惯晚睡,不喜欢,没有,不容易,比较在意,外面,一般,否,几乎不,喜好社交,有,193,819,123456
854,190855,北方,习惯晚睡,非常喜欢,没有,一般,不在意,寝室,一般,否,热爱,一般,有,11,112,123456
855,190856,北方,习惯早睡,非常喜欢,没有,不容易,一般,外面,一般,否,几乎不,喜好社交,有,57,308,123456
856,190857,北方,习惯早睡,一般,没有,不容易,十分在意,寝室,喜欢,否,几乎不,一般,无,131,607,123456
857,190858,南方,习惯晚睡,非常喜欢,有,容易,不在意,寝室,不喜欢,是,热爱,喜好社交,有,171,722,123456
858,190859,北方,习惯晚睡,一般,有,不容易,不在意,外面,不喜欢,是,几乎不,讨厌社交,有,76,402,123456
859,190860,北方,习惯早睡,一般,有,容易,一般,寝室,不喜欢,是,热爱,喜好社交,有,171,722,123456
860,190861,北方,习惯晚睡,一般,有,不容易,十分在意,外面,一般,是,热爱,喜好社交,有,40,216,123456
861,190862,南方,习惯晚睡,非常喜欢,没有,不容易,十分在意,寝室,一般,是,一般,讨厌社交,有,131,607,123456
862,190863,南方,习惯晚睡,喜欢,有,一般,比较在意,外面,不喜欢,否,几乎不,讨厌社交,无,146,622,123456
863,190864,南方,习惯晚睡,喜欢,没有,一般,比较在意,寝室,一般,否,一般,喜好社交,无,132,608,123456
864,190865,南方,习惯晚睡,喜欢,没有,不容易,一般,寝室,不喜欢,是,几乎不,讨厌社交,无,11,112,123456
865,190866,南方,习惯晚睡,喜欢,没有,容易,一般,寝室,喜欢,否,一般,讨厌社交,有,11,112,123456
866,190867,南方,习惯晚睡,喜欢,没有,一般,一般,寝室,喜欢,是,一般,一般,无,11,112,123456
867,190868,南方,习惯晚睡,不喜欢,没有,不容易,一般,寝室,喜欢,否,一般,一般,有,12,113,123456
868,190869,北方,习惯早睡,不喜欢,有,不容易,不在意,外面,一般,否,一般,讨厌社交,有,76,402,123456
869,190870,南方,习惯早睡,不喜欢,没有,不容易,不在意,外面,喜欢,是,一般,一般,有,57,308,123456
870,190871,北方,习惯早睡,不喜欢,有,一般,十分在意,寝室,一般,否,几乎不,一般,无,107,508,123456
871,190872,北方,习惯晚睡,非常喜欢,没有,不容易,十分在意,寝室,不喜欢,否,热爱,喜好社交,有,132,608,123456
872,190873,南方,习惯早睡,喜欢,有,容易,一般,寝室,不喜欢,否,几乎不,一般,无,172,723,123456
873,190874,北方,习惯晚睡,非常喜欢,没有,容易,比较在意,外面,一般,是,热爱,讨厌社交,无,194,820,123456
874,190875,北方,习惯早睡,不喜欢,有,容易,十分在意,寝室,一般,是,一般,一般,有,107,508,123456
875,190876,南方,习惯早睡,喜欢,没有,不容易,十分在意,寝室,喜欢,是,几乎不,一般,无,132,608,123456
876,190877,南方,习惯晚睡,非常喜欢,没有,容易,一般,外面,喜欢,否,热爱,讨厌社交,无,194,820,123456
877,190878,北方,习惯早睡,一般,没有,不容易,比较在意,外面,喜欢,是,几乎不,喜好社交,有,57,308,123456
878,190879,北方,习惯晚睡,非常喜欢,有,容易,比较在意,外面,一般,是,几乎不,讨厌社交,无,76,402,123456
879,190880,北方,习惯晚睡,非常喜欢,有,一般,不在意,寝室,喜欢,是,热爱,喜好社交,无,172,723,123456
880,190881,北方,习惯早睡,喜欢,有,容易,比较在意,寝室,喜欢,是,热爱,讨厌社交,无,108,509,123456
881,190882,南方,习惯晚睡,一般,有,不容易,十分在意,外面,一般,否,一般,一般,无,146,622,123456
882,190883,北方,习惯晚睡,一般,没有,不容易,十分在意,外面,喜欢,是,一般,讨厌社交,无,194,820,123456
883,190884,南方,习惯早睡,不喜欢,没有,一般,比较在意,外面,不喜欢,否,一般,一般,有,57,308,123456
884,190885,北方,习惯晚睡,非常喜欢,没有,一般,比较在意,寝室,不喜欢,是,几乎不,喜好社交,无,132,608,123456
885,190886,南方,习惯早睡,一般,有,不容易,比较在意,外面,一般,否,热爱,讨厌社交,有,147,623,123456
886,190887,北方,习惯早睡,一般,没有,容易,十分在意,外面,一般,否,热爱,一般,无,57,308,123456
887,190888,北方,习惯早睡,喜欢,没有,一般,不在意,寝室,喜欢,是,一般,喜好社交,无,23,124,123456
888,190889,北方,习惯早睡,一般,有,一般,十分在意,外面,喜欢,否,一般,一般,无,40,216,123456
889,190890,南方,习惯晚睡,不喜欢,有,一般,一般,外面,喜欢,否,几乎不,讨厌社交,有,41,217,123456
890,190891,北方,习惯晚睡,一般,有,一般,不在意,寝室,一般,否,几乎不,喜好社交,有,172,723,123456
891,190892,南方,习惯晚睡,喜欢,有,容易,十分在意,外面,不喜欢,是,热爱,喜好社交,无,147,623,123456
892,190893,南方,习惯晚睡,不喜欢,没有,不容易,比较在意,寝室,一般,是,热爱,喜好社交,有,132,608,123456
893,190894,南方,习惯早睡,一般,没有,不容易,一般,外面,不喜欢,否,一般,一般,有,58,309,123456
894,190895,北方,习惯早睡,一般,没有,一般,不在意,外面,喜欢,否,几乎不,喜好社交,有,58,309,123456
895,190896,南方,习惯早睡,非常喜欢,没有,一般,比较在意,寝室,喜欢,是,几乎不,喜好社交,无,133,609,123456
896,190897,北方,习惯晚睡,非常喜欢,没有,不容易,一般,外面,不喜欢,是,热爱,喜好社交,无,194,820,123456
897,190898,南方,习惯早睡,非常喜欢,没有,容易,不在意,外面,喜欢,否,热爱,一般,有,58,309,123456
898,190899,北方,习惯晚睡,喜欢,没有,不容易,不在意,外面,不喜欢,是,几乎不,喜好社交,无,194,820,123456
899,190900,北方,习惯早睡,喜欢,有,一般,一般,寝室,一般,是,一般,讨厌社交,有,172,723,123456
900,190901,南方,习惯晚睡,喜欢,有,一般,比较在意,寝室,喜欢,是,几乎不,喜好社交,无,108,509,123456
901,190902,北方,习惯晚睡,喜欢,有,一般,比较在意,外面,一般,否,热爱,讨厌社交,有,76,402,123456
902,190903,南方,习惯早睡,一般,有,容易,不在意,外面,不喜欢,否,几乎不,讨厌社交,有,77,403,123456
903,190904,北方,习惯早睡,非常喜欢,有,容易,比较在意,寝室,不喜欢,是,一般,讨厌社交,无,108,509,123456
904,190905,南方,习惯晚睡,喜欢,没有,一般,不在意,外面,一般,是,几乎不,讨厌社交,有,195,821,123456
905,190906,北方,习惯早睡,不喜欢,没有,不容易,十分在意,外面,不喜欢,是,一般,一般,无,58,309,123456
906,190907,南方,习惯晚睡,不喜欢,没有,不容易,不在意,外面,不喜欢,否,几乎不,一般,有,195,821,123456
907,190908,北方,习惯晚睡,一般,有,容易,比较在意,寝室,不喜欢,是,热爱,一般,有,172,723,123456
908,190909,南方,习惯晚睡,喜欢,没有,一般,一般,外面,不喜欢,否,热爱,喜好社交,无,195,821,123456
909,190910,南方,习惯晚睡,喜欢,有,一般,比较在意,寝室,一般,否,热爱,一般,有,108,509,123456
910,190911,北方,习惯早睡,非常喜欢,没有,一般,十分在意,外面,不喜欢,是,一般,一般,有,58,309,123456
911,190912,北方,习惯晚睡,一般,有,容易,一般,外面,一般,否,几乎不,喜好社交,有,41,217,123456
912,190913,北方,习惯晚睡,一般,没有,容易,十分在意,外面,喜欢,是,几乎不,一般,无,195,821,123456
913,190914,北方,习惯早睡,一般,有,一般,一般,寝室,喜欢,否,一般,一般,无,108,509,123456
914,190915,北方,习惯早睡,非常喜欢,没有,容易,比较在意,寝室,不喜欢,否,热爱,讨厌社交,无,23,124,123456
915,190916,北方,习惯早睡,非常喜欢,没有,容易,比较在意,外面,不喜欢,否,几乎不,一般,无,59,310,123456
916,190917,北方,习惯晚睡,不喜欢,有,不容易,十分在意,寝室,不喜欢,是,一般,讨厌社交,无,109,510,123456
917,190918,南方,习惯早睡,一般,有,不容易,不在意,外面,不喜欢,是,几乎不,喜好社交,无,41,217,123456
918,190919,南方,习惯早睡,喜欢,没有,一般,十分在意,寝室,不喜欢,是,一般,一般,有,133,609,123456
919,190920,北方,习惯晚睡,一般,没有,容易,十分在意,寝室,不喜欢,是,一般,喜好社交,有,133,609,123456
920,190921,北方,习惯晚睡,不喜欢,没有,不容易,不在意,寝室,喜欢,否,热爱,喜好社交,无,12,113,123456
921,190922,南方,习惯早睡,喜欢,有,不容易,十分在意,寝室,喜欢,否,一般,喜好社交,无,109,510,123456
922,190923,北方,习惯晚睡,不喜欢,没有,一般,不在意,外面,不喜欢,否,热爱,喜好社交,无,195,821,123456
923,190924,南方,习惯晚睡,非常喜欢,有,一般,一般,外面,一般,是,几乎不,喜好社交,有,147,623,123456
924,190925,南方,习惯晚睡,一般,有,一般,十分在意,寝室,喜欢,否,一般,喜好社交,无,109,510,123456
925,190926,南方,习惯早睡,非常喜欢,有,容易,比较在意,寝室,一般,否,几乎不,一般,无,109,510,123456
926,190927,南方,习惯晚睡,喜欢,没有,容易,比较在意,外面,一般,否,几乎不,喜好社交,无,196,822,123456
927,190928,南方,习惯晚睡,喜欢,有,一般,比较在意,外面,不喜欢,否,几乎不,喜好社交,有,41,217,123456
928,190929,北方,习惯晚睡,喜欢,有,一般,比较在意,寝室,不喜欢,是,几乎不,讨厌社交,无,109,510,123456
929,190930,南方,习惯早睡,不喜欢,有,容易,十分在意,外面,喜欢,否,一般,喜好社交,有,41,217,123456
930,190931,南方,习惯晚睡,非常喜欢,有,容易,一般,寝室,喜欢,否,一般,讨厌社交,无,110,511,123456
931,190932,南方,习惯晚睡,不喜欢,有,一般,不在意,外面,不喜欢,否,一般,喜好社交,无,42,218,123456
932,190933,北方,习惯晚睡,喜欢,有,一般,一般,外面,喜欢,否,几乎不,一般,无,42,218,123456
933,190934,南方,习惯晚睡,非常喜欢,没有,容易,不在意,寝室,喜欢,是,热爱,喜好社交,无,12,113,123456
934,190935,北方,习惯早睡,一般,有,一般,一般,外面,喜欢,是,几乎不,一般,有,42,218,123456
935,190936,北方,习惯晚睡,一般,没有,不容易,十分在意,寝室,喜欢,是,热爱,喜好社交,有,133,609,123456
936,190937,南方,习惯早睡,不喜欢,没有,容易,不在意,寝室,喜欢,是,几乎不,讨厌社交,无,23,124,123456
937,190938,北方,习惯早睡,不喜欢,没有,一般,十分在意,寝室,喜欢,否,一般,喜好社交,有,133,609,123456
938,190939,南方,习惯晚睡,不喜欢,有,容易,不在意,外面,一般,是,热爱,喜好社交,无,147,623,123456
939,190940,南方,习惯晚睡,不喜欢,没有,一般,十分在意,外面,不喜欢,是,一般,讨厌社交,无,196,822,123456
940,190941,南方,习惯晚睡,不喜欢,有,容易,不在意,外面,喜欢,否,热爱,喜好社交,有,42,218,123456
941,190942,北方,习惯早睡,不喜欢,有,容易,一般,寝室,一般,是,一般,喜好社交,无,173,724,123456
942,190943,北方,习惯早睡,不喜欢,有,一般,比较在意,寝室,一般,是,一般,喜好社交,有,110,511,123456
943,190944,北方,习惯早睡,喜欢,没有,一般,不在意,外面,一般,是,一般,喜好社交,无,59,310,123456
944,190945,北方,习惯早睡,喜欢,没有,不容易,一般,寝室,一般,是,几乎不,一般,无,24,125,123456
945,190946,北方,习惯早睡,喜欢,有,容易,比较在意,外面,不喜欢,是,热爱,讨厌社交,有,77,403,123456
946,190947,南方,习惯晚睡,喜欢,没有,容易,不在意,外面,一般,是,热爱,一般,无,196,822,123456
947,190948,北方,习惯早睡,非常喜欢,有,不容易,比较在意,寝室,一般,是,热爱,一般,有,110,511,123456
948,190949,南方,习惯早睡,非常喜欢,有,不容易,十分在意,寝室,不喜欢,否,热爱,讨厌社交,有,110,511,123456
949,190950,南方,习惯晚睡,非常喜欢,没有,一般,比较在意,寝室,不喜欢,否,几乎不,喜好社交,有,197,823,123456
950,190951,北方,习惯晚睡,一般,没有,不容易,十分在意,外面,一般,否,一般,讨厌社交,有,196,822,123456
951,190952,北方,习惯晚睡,喜欢,有,容易,比较在意,外面,一般,否,一般,讨厌社交,无,77,403,123456
952,190953,南方,习惯早睡,一般,没有,容易,比较在意,外面,喜欢,是,一般,喜好社交,无,59,310,123456
953,190954,南方,习惯晚睡,非常喜欢,没有,不容易,不在意,外面,不喜欢,否,一般,喜好社交,有,196,822,123456
954,190955,北方,习惯晚睡,不喜欢,有,一般,一般,外面,喜欢,是,热爱,一般,有,77,403,123456
955,190956,南方,习惯早睡,不喜欢,没有,不容易,一般,寝室,不喜欢,是,几乎不,喜好社交,有,24,125,123456
956,190957,南方,习惯早睡,非常喜欢,有,容易,不在意,寝室,喜欢,是,几乎不,一般,有,173,724,123456
957,190958,北方,习惯早睡,不喜欢,没有,不容易,不在意,外面,一般,否,热爱,一般,有,59,310,123456
958,190959,北方,习惯晚睡,不喜欢,没有,不容易,不在意,外面,不喜欢,否,一般,讨厌社交,无,198,824,123456
959,190960,北方,习惯早睡,喜欢,有,一般,十分在意,寝室,喜欢,是,热爱,喜好社交,无,110,511,123456
960,190961,南方,习惯早睡,不喜欢,没有,容易,十分在意,外面,一般,是,一般,讨厌社交,无,59,310,123456
961,190962,北方,习惯早睡,一般,有,一般,比较在意,寝室,喜欢,是,热爱,一般,有,111,512,123456
962,190963,北方,习惯早睡,喜欢,没有,不容易,不在意,外面,不喜欢,是,一般,一般,无,60,311,123456
963,190964,北方,习惯早睡,一般,没有,一般,十分在意,寝室,一般,否,一般,一般,有,199,825,123456
964,190965,北方,习惯早睡,喜欢,没有,不容易,不在意,寝室,喜欢,否,热爱,喜好社交,无,24,125,123456
965,190966,南方,习惯晚睡,一般,没有,容易,比较在意,寝室,一般,否,几乎不,讨厌社交,无,12,113,123456
966,190967,南方,习惯晚睡,不喜欢,没有,不容易,比较在意,外面,一般,是,一般,喜好社交,有,197,823,123456
967,190968,南方,习惯晚睡,喜欢,有,不容易,比较在意,寝室,喜欢,是,热爱,一般,无,111,512,123456
968,190969,北方,习惯晚睡,一般,有,不容易,一般,寝室,喜欢,是,一般,一般,无,111,512,123456
969,190970,南方,习惯晚睡,非常喜欢,有,容易,十分在意,外面,喜欢,是,几乎不,讨厌社交,有,147,623,123456
970,190971,南方,习惯晚睡,非常喜欢,有,容易,十分在意,寝室,不喜欢,是,一般,一般,有,111,512,123456
971,190972,北方,习惯早睡,非常喜欢,有,容易,一般,寝室,不喜欢,是,热爱,讨厌社交,有,173,724,123456
972,190973,南方,习惯早睡,非常喜欢,有,不容易,不在意,外面,不喜欢,否,一般,喜好社交,无,42,218,123456
973,190974,北方,习惯早睡,一般,有,容易,比较在意,寝室,一般,否,热爱,讨厌社交,有,111,512,123456
974,190975,北方,习惯早睡,不喜欢,没有,不容易,比较在意,外面,不喜欢,是,热爱,喜好社交,无,60,311,123456
975,190976,北方,习惯晚睡,喜欢,有,一般,十分在意,寝室,一般,是,一般,喜好社交,有,112,513,123456
976,190977,南方,习惯晚睡,不喜欢,有,容易,十分在意,寝室,喜欢,是,一般,喜好社交,有,112,513,123456
977,190978,北方,习惯早睡,喜欢,没有,容易,比较在意,外面,一般,是,热爱,讨厌社交,无,60,311,123456
978,190979,北方,习惯晚睡,非常喜欢,没有,一般,一般,寝室,喜欢,否,几乎不,一般,无,12,113,123456
979,190980,南方,习惯早睡,不喜欢,没有,一般,一般,寝室,一般,否,热爱,喜好社交,无,24,125,123456
980,190981,南方,习惯晚睡,一般,没有,一般,不在意,寝室,喜欢,否,热爱,喜好社交,无,197,823,123456
981,190982,北方,习惯晚睡,一般,有,容易,十分在意,寝室,不喜欢,否,几乎不,讨厌社交,无,112,513,123456
982,190983,北方,习惯晚睡,不喜欢,有,容易,不在意,寝室,喜欢,否,一般,喜好社交,无,173,724,123456
983,190984,南方,习惯早睡,喜欢,有,容易,一般,寝室,不喜欢,是,热爱,讨厌社交,无,173,724,123456
984,190985,北方,习惯晚睡,一般,有,不容易,不在意,外面,不喜欢,否,一般,讨厌社交,无,77,403,123456
985,190986,北方,习惯早睡,不喜欢,有,一般,十分在意,寝室,一般,是,一般,喜好社交,有,112,513,123456
986,190987,南方,习惯早睡,不喜欢,没有,不容易,一般,外面,一般,是,热爱,一般,无,60,311,123456
987,190988,南方,习惯晚睡,一般,没有,一般,不在意,寝室,一般,是,一般,一般,有,197,823,123456
988,190989,南方,习惯早睡,一般,有,不容易,比较在意,寝室,不喜欢,否,一般,一般,无,112,513,123456
989,190990,北方,习惯早睡,喜欢,有,一般,一般,外面,不喜欢,否,热爱,一般,无,199,825,123456
990,190991,北方,习惯晚睡,非常喜欢,有,不容易,不在意,外面,一般,否,几乎不,一般,无,198,824,123456
991,190992,北方,习惯晚睡,一般,有,一般,比较在意,寝室,喜欢,否,一般,喜好社交,有,198,824,123456
992,190993,北方,习惯早睡,非常喜欢,没有,一般,一般,寝室,喜欢,否,几乎不,喜好社交,无,198,824,123456
993,190994,南方,习惯早睡,喜欢,没有,容易,不在意,外面,不喜欢,是,热爱,一般,有,60,311,123456
994,190995,北方,习惯晚睡,非常喜欢,没有,一般,不在意,寝室,一般,否,热爱,喜好社交,无,197,823,123456
995,190996,北方,习惯早睡,喜欢,有,一般,不在意,外面,喜欢,否,几乎不,一般,无,198,824,123456
996,190997,南方,习惯早睡,喜欢,有,不容易,一般,外面,不喜欢,否,一般,一般,有,199,825,123456
997,190998,北方,习惯早睡,喜欢,没有,容易,不在意,寝室,不喜欢,是,几乎不,讨厌社交,无,24,125,123456
998,190999,南方,习惯晚睡,不喜欢,没有,不容易,十分在意,外面,不喜欢,否,一般,讨厌社交,有,199,825,123456
999,191000,南方,习惯晚睡,一般,有,容易,一般,外面,不喜欢,否,一般,一般,有,199,825,123456
